input,expected_output
Collect all PRs from this repo ,"{""intent"": ""collect"", ""platform"": ""github"", ""branch"": ""main"", ""metrics"": [""pr_title"", ""pr_number"", ""pr_state"", ""pr_author"", ""creation_date"", ""merge_date"", ""close_date""], ""basic_filters"": {""date_range"": null, ""pr_status"": [""open"", ""closed"", ""merged""]}, ""cleaning_filters"": {""refined_date_range"": null, ""file_extensions"": [], ""authors"": [], ""keywords"": {""fields"": [], ""terms"": []}}, ""features"": []}"
Get only data about commits from this repository,"{""intent"": ""collect"", ""platform"": ""github"", ""branch"": ""main"", ""metrics"": [""commit_sha"", ""commit_messages"", ""commit_authors"", ""commit_dates""], ""basic_filters"": {""date_range"": null, ""pr_status"": [""open"", ""closed"", ""merged""]}, ""cleaning_filters"": {""refined_date_range"": null, ""file_extensions"": [], ""authors"": [], ""keywords"": {""fields"": [], ""terms"": []}}, ""features"": []}"
Fetch merge requests,"{""intent"": ""collect"", ""platform"": ""gitlab"", ""branch"": ""main"", ""metrics"": [""mr_title"", ""mr_iid"", ""mr_state"", ""mr_author"", ""creation_date"", ""merge_date"", ""close_date""], ""basic_filters"": {""date_range"": null, ""pr_status"": [""open"", ""closed"", ""merged""]}, ""cleaning_filters"": {""refined_date_range"": null, ""file_extensions"": [], ""authors"": [], ""keywords"": {""fields"": [], ""terms"": []}}, ""features"": []}"
I want to get the reviews concerning this repo,"{""intent"": ""collect"", ""platform"": ""github"", ""branch"": ""main"", ""metrics"": [""review_state"", ""reviewer"", ""review_date"", ""review_comments"", ""pr_number"", ""pr_title""], ""basic_filters"": {""date_range"": null, ""pr_status"": [""open"", ""closed"", ""merged""]}, ""cleaning_filters"": {""refined_date_range"": null, ""file_extensions"": [], ""authors"": [], ""keywords"": {""fields"": [], ""terms"": []}}, ""features"": []}"
Get PR comments,"{""intent"": ""collect"", ""platform"": ""github"", ""branch"": ""main"", ""metrics"": [""pr_comments"", ""comment_authors"", ""comment_dates"", ""comment_content"", ""pr_number"", ""pr_title""], ""basic_filters"": {""date_range"": null, ""pr_status"": [""open"", ""closed"", ""merged""]}, ""cleaning_filters"": {""refined_date_range"": null, ""file_extensions"": [], ""authors"": [], ""keywords"": {""fields"": [], ""terms"": []}}, ""features"": []}"
"Collect data,i want just file changes","{""intent"": ""collect"", ""platform"": ""github"", ""branch"": ""main"", ""metrics"": [""file_names"", ""file_status"", ""lines_added"", ""lines_deleted"", ""total_changes"", ""pr_number""], ""basic_filters"": {""date_range"": null, ""pr_status"": [""open"", ""closed"", ""merged""]}, ""cleaning_filters"": {""refined_date_range"": null, ""file_extensions"": [], ""authors"": [], ""keywords"": {""fields"": [], ""terms"": []}}, ""features"": []}"
Calculate lead time,"{""intent"": ""collect"", ""platform"": ""github"", ""branch"": ""main"", ""metrics"": [""creation_date"", ""merge_date"", ""pr_state""], ""basic_filters"": {""date_range"": null, ""pr_status"": [""open"", ""closed"", ""merged""]}, ""cleaning_filters"": {""refined_date_range"": null, ""file_extensions"": [], ""authors"": [], ""keywords"": {""fields"": [], ""terms"": []}}, ""features"": [""lead_time""]}"
Get code churn informations for this github repo ,"{""intent"": ""collect"", ""platform"": ""github"", ""branch"": ""main"", ""metrics"": [""lines_added"", ""lines_deleted"", ""file_names"", ""file_status"", ""pr_number""], ""basic_filters"": {""date_range"": null, ""pr_status"": [""open"", ""closed"", ""merged""]}, ""cleaning_filters"": {""refined_date_range"": null, ""file_extensions"": [], ""authors"": [], ""keywords"": {""fields"": [], ""terms"": []}}, ""features"": [""churn_additions"", ""churn_deletions""]}"
Show me commits over time,"{""intent"": ""analyze"", ""metrics"": [""commits_over_time""], ""dimensions"": [], ""filters"": {""date_range"": null, ""repositories"": [], ""authors"": []}, ""visualization"": ""line_chart""}"
Visualize state distribution,"{""intent"": ""analyze"", ""metrics"": [""state_distribution""], ""dimensions"": [], ""filters"": {""date_range"": null, ""repositories"": [], ""authors"": []}, ""visualization"": ""pie_chart""}"
Récupérer les PRs github depuis ce repo,"{""intent"": ""collect"", ""platform"": ""github"", ""branch"": ""main"", ""metrics"": [""pr_title"", ""pr_number"", ""pr_state"", ""pr_author"", ""creation_date"", ""merge_date"", ""close_date""], ""basic_filters"": {""date_range"": null, ""pr_status"": [""open"", ""closed"", ""merged""]}, ""cleaning_filters"": {""refined_date_range"": null, ""file_extensions"": [], ""authors"": [], ""keywords"": {""fields"": [], ""terms"": []}}, ""features"": []}"
Collecter les commits,"{""intent"": ""collect"", ""platform"": ""github"", ""branch"": ""main"", ""metrics"": [""commit_sha"", ""commit_messages"", ""commit_authors"", ""commit_dates""], ""basic_filters"": {""date_range"": null, ""pr_status"": [""open"", ""closed"", ""merged""]}, ""cleaning_filters"": {""refined_date_range"": null, ""file_extensions"": [], ""authors"": [], ""keywords"": {""fields"": [], ""terms"": []}}, ""features"": []}"
"Je veux récupérer les merge requests, ordonné par date","{""intent"": ""collect"", ""platform"": ""gitlab"", ""branch"": ""main"", ""metrics"": [""mr_title"", ""mr_iid"", ""mr_state"", ""mr_author"", ""creation_date"", ""merge_date"", ""close_date""], ""basic_filters"": {""date_range"": null, ""pr_status"": [""open"", ""closed"", ""merged""]}, ""cleaning_filters"": {""refined_date_range"": null, ""file_extensions"": [], ""authors"": [], ""keywords"": {""fields"": [], ""terms"": []}}, ""features"": []}"
Récupérer les reviews,"{""intent"": ""collect"", ""platform"": ""github"", ""branch"": ""main"", ""metrics"": [""review_state"", ""reviewer"", ""review_date"", ""review_comments"", ""pr_number"", ""pr_title""], ""basic_filters"": {""date_range"": null, ""pr_status"": [""open"", ""closed"", ""merged""]}, ""cleaning_filters"": {""refined_date_range"": null, ""file_extensions"": [], ""authors"": [], ""keywords"": {""fields"": [], ""terms"": []}}, ""features"": []}"
Collecter la liste des commentaires,"{""intent"": ""collect"", ""platform"": ""github"", ""branch"": ""main"", ""metrics"": [""pr_comments"", ""comment_authors"", ""comment_dates"", ""comment_content"", ""pr_number"", ""pr_title""], ""basic_filters"": {""date_range"": null, ""pr_status"": [""open"", ""closed"", ""merged""]}, ""cleaning_filters"": {""refined_date_range"": null, ""file_extensions"": [], ""authors"": [], ""keywords"": {""fields"": [], ""terms"": []}}, ""features"": []}"
Récupérer les changements de fichiers,"{""intent"": ""collect"", ""platform"": ""github"", ""branch"": ""main"", ""metrics"": [""file_names"", ""file_status"", ""lines_added"", ""lines_deleted"", ""total_changes"", ""pr_number""], ""basic_filters"": {""date_range"": null, ""pr_status"": [""open"", ""closed"", ""merged""]}, ""cleaning_filters"": {""refined_date_range"": null, ""file_extensions"": [], ""authors"": [], ""keywords"": {""fields"": [], ""terms"": []}}, ""features"": []}"
Calculer le lead time,"{""intent"": ""collect"", ""platform"": ""github"", ""branch"": ""main"", ""metrics"": [""creation_date"", ""merge_date"", ""pr_state""], ""basic_filters"": {""date_range"": null, ""pr_status"": [""open"", ""closed"", ""merged""]}, ""cleaning_filters"": {""refined_date_range"": null, ""file_extensions"": [], ""authors"": [], ""keywords"": {""fields"": [], ""terms"": []}}, ""features"": [""lead_time""]}"
Analyser le code churn,"{""intent"": ""collect"", ""platform"": ""github"", ""branch"": ""main"", ""metrics"": [""lines_added"", ""lines_deleted"", ""file_names"", ""file_status"", ""pr_number""], ""basic_filters"": {""date_range"": null, ""pr_status"": [""open"", ""closed"", ""merged""]}, ""cleaning_filters"": {""refined_date_range"": null, ""file_extensions"": [], ""authors"": [], ""keywords"": {""fields"": [], ""terms"": []}}, ""features"": [""churn_additions"", ""churn_deletions""]}"
Afficher les commits dans le temps,"{""intent"": ""analyze"", ""metrics"": [""commits_over_time""], ""dimensions"": [], ""filters"": {""date_range"": null, ""repositories"": [], ""authors"": []}, ""visualization"": ""line_chart""}"
je veux voir la répartition des états,"{""intent"": ""analyze"", ""metrics"": [""state_distribution""], ""dimensions"": [], ""filters"": {""date_range"": null, ""repositories"": [], ""authors"": []}, ""visualization"": ""pie_chart""}"
Collect PRs from the last month,"{""intent"": ""collect"", ""platform"": ""github"", ""branch"": ""main"", ""metrics"": [""pr_title"", ""pr_number"", ""pr_state"", ""pr_author"", ""creation_date"", ""merge_date""], ""basic_filters"": {""date_range"": {""start_date"": ""2026-02-04"", ""end_date"": ""2026-03-04""}, ""pr_status"": [""open"", ""closed"", ""merged""]}, ""cleaning_filters"": {""refined_date_range"": null, ""file_extensions"": [], ""authors"": [], ""keywords"": {""fields"": [], ""terms"": []}}, ""features"": []}"
Get merge requests created in January 2026,"{""intent"": ""collect"", ""platform"": ""gitlab"", ""branch"": ""main"", ""metrics"": [""mr_title"", ""mr_iid"", ""mr_state"", ""mr_author"", ""creation_date"", ""merge_date""], ""basic_filters"": {""date_range"": {""start_date"": ""2026-01-01"", ""end_date"": ""2026-01-31""}, ""pr_status"": [""open"", ""closed"", ""merged""]}, ""cleaning_filters"": {""refined_date_range"": null, ""file_extensions"": [], ""authors"": [], ""keywords"": {""fields"": [], ""terms"": []}}, ""features"": []}"
Fetch commits from Q4 2025,"{""intent"": ""collect"", ""platform"": ""github"", ""branch"": ""main"", ""metrics"": [""commit_sha"", ""commit_messages"", ""commit_authors"", ""commit_dates""], ""basic_filters"": {""date_range"": {""start_date"": ""2025-10-01"", ""end_date"": ""2025-12-31""}, ""pr_status"": [""open"", ""closed"", ""merged""]}, ""cleaning_filters"": {""refined_date_range"": null, ""file_extensions"": [], ""authors"": [], ""keywords"": {""fields"": [], ""terms"": []}}, ""features"": []}"
Récupérer les PRs depuis janvier 2025,"{""intent"": ""collect"", ""platform"": ""github"", ""branch"": ""main"", ""metrics"": [""pr_title"", ""pr_number"", ""pr_state"", ""pr_author"", ""creation_date"", ""merge_date""], ""basic_filters"": {""date_range"": {""start_date"": ""2025-01-01"", ""end_date"": ""2026-03-04""}, ""pr_status"": [""open"", ""closed"", ""merged""]}, ""cleaning_filters"": {""refined_date_range"": null, ""file_extensions"": [], ""authors"": [], ""keywords"": {""fields"": [], ""terms"": []}}, ""features"": []}"
Collect data from the past 2 weeks,"{""intent"": ""collect"", ""platform"": ""github"", ""branch"": ""main"", ""metrics"": [""pr_title"", ""pr_number"", ""pr_state"", ""pr_author"", ""creation_date"", ""merge_date""], ""basic_filters"": {""date_range"": {""start_date"": ""2026-02-18"", ""end_date"": ""2026-03-04""}, ""pr_status"": [""open"", ""closed"", ""merged""]}, ""cleaning_filters"": {""refined_date_range"": null, ""file_extensions"": [], ""authors"": [], ""keywords"": {""fields"": [], ""terms"": []}}, ""features"": []}"
Get PRs between March and August 2025,"{""intent"": ""collect"", ""platform"": ""github"", ""branch"": ""main"", ""metrics"": [""pr_title"", ""pr_number"", ""pr_state"", ""pr_author"", ""creation_date"", ""merge_date""], ""basic_filters"": {""date_range"": {""start_date"": ""2025-03-01"", ""end_date"": ""2025-08-31""}, ""pr_status"": [""open"", ""closed"", ""merged""]}, ""cleaning_filters"": {""refined_date_range"": null, ""file_extensions"": [], ""authors"": [], ""keywords"": {""fields"": [], ""terms"": []}}, ""features"": []}"
Récupérer les données des 6 derniers mois,"{""intent"": ""collect"", ""platform"": ""github"", ""branch"": ""main"", ""metrics"": [""pr_title"", ""pr_number"", ""pr_state"", ""pr_author"", ""creation_date"", ""merge_date"", ""close_date""], ""basic_filters"": {""date_range"": {""start_date"": ""2025-09-04"", ""end_date"": ""2026-03-04""}, ""pr_status"": [""open"", ""closed"", ""merged""]}, ""cleaning_filters"": {""refined_date_range"": null, ""file_extensions"": [], ""authors"": [], ""keywords"": {""fields"": [], ""terms"": []}}, ""features"": []}"
Collect MRs from 2024,"{""intent"": ""collect"", ""platform"": ""gitlab"", ""branch"": ""main"", ""metrics"": [""mr_title"", ""mr_iid"", ""mr_state"", ""mr_author"", ""creation_date"", ""merge_date"", ""close_date""], ""basic_filters"": {""date_range"": {""start_date"": ""2024-01-01"", ""end_date"": ""2024-12-31""}, ""pr_status"": [""open"", ""closed"", ""merged""]}, ""cleaning_filters"": {""refined_date_range"": null, ""file_extensions"": [], ""authors"": [], ""keywords"": {""fields"": [], ""terms"": []}}, ""features"": []}"
Get PRs from this year,"{""intent"": ""collect"", ""platform"": ""github"", ""branch"": ""main"", ""metrics"": [""pr_title"", ""pr_number"", ""pr_state"", ""pr_author"", ""creation_date"", ""merge_date""], ""basic_filters"": {""date_range"": {""start_date"": ""2026-01-01"", ""end_date"": ""2026-03-04""}, ""pr_status"": [""open"", ""closed"", ""merged""]}, ""cleaning_filters"": {""refined_date_range"": null, ""file_extensions"": [], ""authors"": [], ""keywords"": {""fields"": [], ""terms"": []}}, ""features"": []}"
Récupérer les MRs du premier semestre 2025,"{""intent"": ""collect"", ""platform"": ""gitlab"", ""branch"": ""main"", ""metrics"": [""mr_title"", ""mr_iid"", ""mr_state"", ""mr_author"", ""creation_date"", ""merge_date""], ""basic_filters"": {""date_range"": {""start_date"": ""2025-01-01"", ""end_date"": ""2025-06-30""}, ""pr_status"": [""open"", ""closed"", ""merged""]}, ""cleaning_filters"": {""refined_date_range"": null, ""file_extensions"": [], ""authors"": [], ""keywords"": {""fields"": [], ""terms"": []}}, ""features"": []}"
Fetch data from last week,"{""intent"": ""collect"", ""platform"": ""github"", ""branch"": ""main"", ""metrics"": [""pr_title"", ""pr_number"", ""pr_state"", ""pr_author"", ""creation_date"", ""merge_date""], ""basic_filters"": {""date_range"": {""start_date"": ""2026-02-25"", ""end_date"": ""2026-03-04""}, ""pr_status"": [""open"", ""closed"", ""merged""]}, ""cleaning_filters"": {""refined_date_range"": null, ""file_extensions"": [], ""authors"": [], ""keywords"": {""fields"": [], ""terms"": []}}, ""features"": []}"
Collecter les MRs de février 2026,"{""intent"": ""collect"", ""platform"": ""gitlab"", ""branch"": ""main"", ""metrics"": [""mr_title"", ""mr_iid"", ""mr_state"", ""mr_author"", ""creation_date"", ""merge_date""], ""basic_filters"": {""date_range"": {""start_date"": ""2026-02-01"", ""end_date"": ""2026-02-28""}, ""pr_status"": [""open"", ""closed"", ""merged""]}, ""cleaning_filters"": {""refined_date_range"": null, ""file_extensions"": [], ""authors"": [], ""keywords"": {""fields"": [], ""terms"": []}}, ""features"": []}"
Collect PRs from Q1 2026,"{""intent"": ""collect"", ""platform"": ""github"", ""branch"": ""main"", ""metrics"": [""pr_title"", ""pr_number"", ""pr_state"", ""pr_author"", ""creation_date"", ""merge_date""], ""basic_filters"": {""date_range"": {""start_date"": ""2026-01-01"", ""end_date"": ""2026-03-31""}, ""pr_status"": [""open"", ""closed"", ""merged""]}, ""cleaning_filters"": {""refined_date_range"": null, ""file_extensions"": [], ""authors"": [], ""keywords"": {""fields"": [], ""terms"": []}}, ""features"": []}"
Get commits from the last 3 months,"{""intent"": ""collect"", ""platform"": ""github"", ""branch"": ""main"", ""metrics"": [""commit_sha"", ""commit_messages"", ""commit_authors"", ""commit_dates""], ""basic_filters"": {""date_range"": {""start_date"": ""2025-12-04"", ""end_date"": ""2026-03-04""}, ""pr_status"": [""open"", ""closed"", ""merged""]}, ""cleaning_filters"": {""refined_date_range"": null, ""file_extensions"": [], ""authors"": [], ""keywords"": {""fields"": [], ""terms"": []}}, ""features"": []}"
Récupérer les données du dernier trimestre,"{""intent"": ""collect"", ""platform"": ""github"", ""branch"": ""main"", ""metrics"": [""pr_title"", ""pr_number"", ""pr_state"", ""pr_author"", ""creation_date"", ""merge_date""], ""basic_filters"": {""date_range"": {""start_date"": ""2025-12-04"", ""end_date"": ""2026-03-04""}, ""pr_status"": [""open"", ""closed"", ""merged""]}, ""cleaning_filters"": {""refined_date_range"": null, ""file_extensions"": [], ""authors"": [], ""keywords"": {""fields"": [], ""terms"": []}}, ""features"": []}"
Collect PRs from develop branch,"{""intent"": ""collect"", ""platform"": ""github"", ""branch"": ""develop"", ""metrics"": [""pr_title"", ""pr_number"", ""pr_state"", ""pr_author"", ""creation_date"", ""merge_date""], ""basic_filters"": {""date_range"": null, ""pr_status"": [""open"", ""closed"", ""merged""]}, ""cleaning_filters"": {""refined_date_range"": null, ""file_extensions"": [], ""authors"": [], ""keywords"": {""fields"": [], ""terms"": []}}, ""features"": []}"
Get commits from staging,"{""intent"": ""collect"", ""platform"": ""github"", ""branch"": ""staging"", ""metrics"": [""commit_sha"", ""commit_messages"", ""commit_authors"", ""commit_dates""], ""basic_filters"": {""date_range"": null, ""pr_status"": [""open"", ""closed"", ""merged""]}, ""cleaning_filters"": {""refined_date_range"": null, ""file_extensions"": [], ""authors"": [], ""keywords"": {""fields"": [], ""terms"": []}}, ""features"": []}"
Fetch MRs from release branch,"{""intent"": ""collect"", ""platform"": ""gitlab"", ""branch"": ""release"", ""metrics"": [""mr_title"", ""mr_iid"", ""mr_state"", ""mr_author"", ""creation_date"", ""merge_date""], ""basic_filters"": {""date_range"": null, ""pr_status"": [""open"", ""closed"", ""merged""]}, ""cleaning_filters"": {""refined_date_range"": null, ""file_extensions"": [], ""authors"": [], ""keywords"": {""fields"": [], ""terms"": []}}, ""features"": []}"
Collect data from feature/auth,"{""intent"": ""collect"", ""platform"": ""github"", ""branch"": ""feature/auth"", ""metrics"": [""pr_title"", ""pr_number"", ""pr_state"", ""pr_author"", ""creation_date"", ""merge_date"", ""commit_sha"", ""commit_messages"", ""commit_authors"", ""commit_dates""], ""basic_filters"": {""date_range"": null, ""pr_status"": [""open"", ""closed"", ""merged""]}, ""cleaning_filters"": {""refined_date_range"": null, ""file_extensions"": [], ""authors"": [], ""keywords"": {""fields"": [], ""terms"": []}}, ""features"": []}"
Récupérer les MRs depuis la branche hotfix,"{""intent"": ""collect"", ""platform"": ""gitlab"", ""branch"": ""hotfix"", ""metrics"": [""mr_title"", ""mr_iid"", ""mr_state"", ""mr_author"", ""creation_date"", ""merge_date""], ""basic_filters"": {""date_range"": null, ""pr_status"": [""open"", ""closed"", ""merged""]}, ""cleaning_filters"": {""refined_date_range"": null, ""file_extensions"": [], ""authors"": [], ""keywords"": {""fields"": [], ""terms"": []}}, ""features"": []}"
Get PRs from master,"{""intent"": ""collect"", ""platform"": ""github"", ""branch"": ""master"", ""metrics"": [""pr_title"", ""pr_number"", ""pr_state"", ""pr_author"", ""creation_date"", ""merge_date""], ""basic_filters"": {""date_range"": null, ""pr_status"": [""open"", ""closed"", ""merged""]}, ""cleaning_filters"": {""refined_date_range"": null, ""file_extensions"": [], ""authors"": [], ""keywords"": {""fields"": [], ""terms"": []}}, ""features"": []}"
Collect from production branch,"{""intent"": ""collect"", ""platform"": ""gitlab"", ""branch"": ""production"", ""metrics"": [""mr_title"", ""mr_iid"", ""mr_state"", ""mr_author"", ""creation_date"", ""merge_date"", ""merged_by""], ""basic_filters"": {""date_range"": null, ""pr_status"": [""open"", ""closed"", ""merged""]}, ""cleaning_filters"": {""refined_date_range"": null, ""file_extensions"": [], ""authors"": [], ""keywords"": {""fields"": [], ""terms"": []}}, ""features"": []}"
Fetch data from feature/new-ui,"{""intent"": ""collect"", ""platform"": ""github"", ""branch"": ""feature/new-ui"", ""metrics"": [""pr_title"", ""pr_number"", ""pr_state"", ""pr_author"", ""creation_date"", ""merge_date"", ""file_names"", ""file_status"", ""lines_added"", ""lines_deleted""], ""basic_filters"": {""date_range"": null, ""pr_status"": [""open"", ""closed"", ""merged""]}, ""cleaning_filters"": {""refined_date_range"": null, ""file_extensions"": [], ""authors"": [], ""keywords"": {""fields"": [], ""terms"": []}}, ""features"": []}"
Récupérer les données de la branche dev,"{""intent"": ""collect"", ""platform"": ""github"", ""branch"": ""dev"", ""metrics"": [""pr_title"", ""pr_number"", ""pr_state"", ""pr_author"", ""creation_date"", ""merge_date"", ""commit_sha"", ""commit_messages"", ""commit_authors"", ""commit_dates""], ""basic_filters"": {""date_range"": null, ""pr_status"": [""open"", ""closed"", ""merged""]}, ""cleaning_filters"": {""refined_date_range"": null, ""file_extensions"": [], ""authors"": [], ""keywords"": {""fields"": [], ""terms"": []}}, ""features"": []}"
Collect from bugfix/login branch,"{""intent"": ""collect"", ""platform"": ""github"", ""branch"": ""bugfix/login"", ""metrics"": [""commit_sha"", ""commit_messages"", ""commit_authors"", ""commit_dates"", ""file_changes""], ""basic_filters"": {""date_range"": null, ""pr_status"": [""open"", ""closed"", ""merged""]}, ""cleaning_filters"": {""refined_date_range"": null, ""file_extensions"": [], ""authors"": [], ""keywords"": {""fields"": [], ""terms"": []}}, ""features"": []}"
Get data from v2.0 branch,"{""intent"": ""collect"", ""platform"": ""gitlab"", ""branch"": ""v2.0"", ""metrics"": [""mr_title"", ""mr_iid"", ""mr_state"", ""mr_author"", ""creation_date"", ""merge_date"", ""commit_id"", ""commit_messages"", ""commit_authors"", ""commit_dates""], ""basic_filters"": {""date_range"": null, ""pr_status"": [""open"", ""closed"", ""merged""]}, ""cleaning_filters"": {""refined_date_range"": null, ""file_extensions"": [], ""authors"": [], ""keywords"": {""fields"": [], ""terms"": []}}, ""features"": []}"
Récupérer depuis la branche testing,"{""intent"": ""collect"", ""platform"": ""gitlab"", ""branch"": ""testing"", ""metrics"": [""mr_title"", ""mr_iid"", ""mr_state"", ""mr_author"", ""creation_date"", ""merge_date""], ""basic_filters"": {""date_range"": null, ""pr_status"": [""open"", ""closed"", ""merged""]}, ""cleaning_filters"": {""refined_date_range"": null, ""file_extensions"": [], ""authors"": [], ""keywords"": {""fields"": [], ""terms"": []}}, ""features"": []}"
Collect from integration branch,"{""intent"": ""collect"", ""platform"": ""gitlab"", ""branch"": ""integration"", ""metrics"": [""mr_title"", ""mr_iid"", ""mr_state"", ""mr_author"", ""creation_date"", ""merge_date""], ""basic_filters"": {""date_range"": null, ""pr_status"": [""open"", ""closed"", ""merged""]}, ""cleaning_filters"": {""refined_date_range"": null, ""file_extensions"": [], ""authors"": [], ""keywords"": {""fields"": [], ""terms"": []}}, ""features"": []}"
Get PRs from feature/payment,"{""intent"": ""collect"", ""platform"": ""github"", ""branch"": ""feature/payment"", ""metrics"": [""pr_title"", ""pr_number"", ""pr_state"", ""pr_author"", ""creation_date"", ""merge_date""], ""basic_filters"": {""date_range"": null, ""pr_status"": [""open"", ""closed"", ""merged""]}, ""cleaning_filters"": {""refined_date_range"": null, ""file_extensions"": [], ""authors"": [], ""keywords"": {""fields"": [], ""terms"": []}}, ""features"": []}"
Fetch from feature/api-v2 branch,"{""intent"": ""collect"", ""platform"": ""github"", ""branch"": ""feature/api-v2"", ""metrics"": [""pr_title"", ""pr_number"", ""pr_state"", ""pr_author"", ""creation_date"", ""merge_date"", ""commit_sha"", ""commit_messages"", ""commit_authors"", ""commit_dates""], ""basic_filters"": {""date_range"": null, ""pr_status"": [""open"", ""closed"", ""merged""]}, ""cleaning_filters"": {""refined_date_range"": null, ""file_extensions"": [], ""authors"": [], ""keywords"": {""fields"": [], ""terms"": []}}, ""features"": []}"
Get only merged PRs,"{""intent"": ""collect"", ""platform"": ""github"", ""branch"": ""main"", ""metrics"": [""pr_title"", ""pr_number"", ""pr_state"", ""pr_author"", ""creation_date"", ""merge_date"", ""merged_by""], ""basic_filters"": {""date_range"": null, ""pr_status"": [""merged""]}, ""cleaning_filters"": {""refined_date_range"": null, ""file_extensions"": [], ""authors"": [], ""keywords"": {""fields"": [], ""terms"": []}}, ""features"": []}"
Collect open PRs only,"{""intent"": ""collect"", ""platform"": ""github"", ""branch"": ""main"", ""metrics"": [""pr_title"", ""pr_number"", ""pr_state"", ""pr_author"", ""creation_date""], ""basic_filters"": {""date_range"": null, ""pr_status"": [""open""]}, ""cleaning_filters"": {""refined_date_range"": null, ""file_extensions"": [], ""authors"": [], ""keywords"": {""fields"": [], ""terms"": []}}, ""features"": []}"
Récupérer uniquement les MRs fermées,"{""intent"": ""collect"", ""platform"": ""gitlab"", ""branch"": ""main"", ""metrics"": [""mr_title"", ""mr_iid"", ""mr_state"", ""creation_date"", ""close_date""], ""basic_filters"": {""date_range"": null, ""pr_status"": [""closed""]}, ""cleaning_filters"": {""refined_date_range"": null, ""file_extensions"": [], ""authors"": [], ""keywords"": {""fields"": [], ""terms"": []}}, ""features"": []}"
Collect PRs for Python files only,"{""intent"": ""collect"", ""platform"": ""github"", ""branch"": ""main"", ""metrics"": [""pr_title"", ""pr_number"", ""pr_state"", ""pr_author"", ""creation_date"", ""file_names"", ""file_status"", ""lines_added"", ""lines_deleted""], ""basic_filters"": {""date_range"": null, ""pr_status"": [""open"", ""closed"", ""merged""]}, ""cleaning_filters"": {""refined_date_range"": null, ""file_extensions"": [""py""], ""authors"": [], ""keywords"": {""fields"": [], ""terms"": []}}, ""features"": []}"
Get data filtered to JavaScript and TypeScript files,"{""intent"": ""collect"", ""platform"": ""github"", ""branch"": ""main"", ""metrics"": [""pr_title"", ""pr_number"", ""pr_state"", ""creation_date"", ""file_names"", ""file_status"", ""lines_added"", ""lines_deleted""], ""basic_filters"": {""date_range"": null, ""pr_status"": [""open"", ""closed"", ""merged""]}, ""cleaning_filters"": {""refined_date_range"": null, ""file_extensions"": [""js"", ""ts""], ""authors"": [], ""keywords"": {""fields"": [], ""terms"": []}}, ""features"": []}"
Récupérer les données des fichiers Java uniquement,"{""intent"": ""collect"", ""platform"": ""github"", ""branch"": ""main"", ""metrics"": [""pr_title"", ""pr_number"", ""pr_state"", ""creation_date"", ""file_names"", ""file_status"", ""lines_added"", ""lines_deleted""], ""basic_filters"": {""date_range"": null, ""pr_status"": [""open"", ""closed"", ""merged""]}, ""cleaning_filters"": {""refined_date_range"": null, ""file_extensions"": [""java""], ""authors"": [], ""keywords"": {""fields"": [], ""terms"": []}}, ""features"": []}"
Collect data only for .go files,"{""intent"": ""collect"", ""platform"": ""github"", ""branch"": ""main"", ""metrics"": [""pr_title"", ""pr_number"", ""pr_state"", ""creation_date"", ""file_names"", ""file_status"", ""lines_added"", ""lines_deleted""], ""basic_filters"": {""date_range"": null, ""pr_status"": [""open"", ""closed"", ""merged""]}, ""cleaning_filters"": {""refined_date_range"": null, ""file_extensions"": [""go""], ""authors"": [], ""keywords"": {""fields"": [], ""terms"": []}}, ""features"": []}"
Get PRs for CSS and SCSS files,"{""intent"": ""collect"", ""platform"": ""github"", ""branch"": ""main"", ""metrics"": [""pr_title"", ""pr_number"", ""pr_state"", ""pr_author"", ""creation_date"", ""file_names"", ""file_status"", ""lines_added"", ""lines_deleted""], ""basic_filters"": {""date_range"": null, ""pr_status"": [""open"", ""closed"", ""merged""]}, ""cleaning_filters"": {""refined_date_range"": null, ""file_extensions"": [""css"", ""scss""], ""authors"": [], ""keywords"": {""fields"": [], ""terms"": []}}, ""features"": []}"
Collect PRs authored by john-dev and sarah-eng,"{""intent"": ""collect"", ""platform"": ""github"", ""branch"": ""main"", ""metrics"": [""pr_title"", ""pr_number"", ""pr_state"", ""pr_author"", ""creation_date"", ""merge_date""], ""basic_filters"": {""date_range"": null, ""pr_status"": [""open"", ""closed"", ""merged""]}, ""cleaning_filters"": {""refined_date_range"": null, ""file_extensions"": [], ""authors"": [""john-dev"", ""sarah-eng""], ""keywords"": {""fields"": [], ""terms"": []}}, ""features"": []}"
Récupérer les données de l'auteur backend-dev,"{""intent"": ""collect"", ""platform"": ""github"", ""branch"": ""main"", ""metrics"": [""pr_title"", ""pr_number"", ""pr_state"", ""pr_author"", ""creation_date"", ""merge_date""], ""basic_filters"": {""date_range"": null, ""pr_status"": [""open"", ""closed"", ""merged""]}, ""cleaning_filters"": {""refined_date_range"": null, ""file_extensions"": [], ""authors"": [""backend-dev""], ""keywords"": {""fields"": [], ""terms"": []}}, ""features"": []}"
Get PRs containing 'bugfix' in title,"{""intent"": ""collect"", ""platform"": ""github"", ""branch"": ""main"", ""metrics"": [""pr_title"", ""pr_description"", ""pr_number"", ""pr_state"", ""pr_author"", ""creation_date""], ""basic_filters"": {""date_range"": null, ""pr_status"": [""open"", ""closed"", ""merged""]}, ""cleaning_filters"": {""refined_date_range"": null, ""file_extensions"": [], ""authors"": [], ""keywords"": {""fields"": [""title""], ""terms"": [""bugfix""]}}, ""features"": []}"
Collect PRs with 'feature' or 'enhancement' in title,"{""intent"": ""collect"", ""platform"": ""github"", ""branch"": ""main"", ""metrics"": [""pr_title"", ""pr_description"", ""pr_number"", ""pr_state"", ""pr_author"", ""creation_date""], ""basic_filters"": {""date_range"": null, ""pr_status"": [""open"", ""closed"", ""merged""]}, ""cleaning_filters"": {""refined_date_range"": null, ""file_extensions"": [], ""authors"": [], ""keywords"": {""fields"": [""title""], ""terms"": [""feature"", ""enhancement""]}}, ""features"": []}"
Récupérer les PRs contenant 'hotfix' dans le titre et la description,"{""intent"": ""collect"", ""platform"": ""github"", ""branch"": ""main"", ""metrics"": [""pr_title"", ""pr_description"", ""pr_number"", ""pr_state"", ""pr_author"", ""creation_date""], ""basic_filters"": {""date_range"": null, ""pr_status"": [""open"", ""closed"", ""merged""]}, ""cleaning_filters"": {""refined_date_range"": null, ""file_extensions"": [], ""authors"": [], ""keywords"": {""fields"": [""title"", ""description""], ""terms"": [""hotfix""]}}, ""features"": []}"
Get PRs mentioning 'security' in comments,"{""intent"": ""collect"", ""platform"": ""github"", ""branch"": ""main"", ""metrics"": [""pr_title"", ""pr_number"", ""pr_state"", ""pr_author"", ""creation_date"", ""pr_comments"", ""comment_content""], ""basic_filters"": {""date_range"": null, ""pr_status"": [""open"", ""closed"", ""merged""]}, ""cleaning_filters"": {""refined_date_range"": null, ""file_extensions"": [], ""authors"": [], ""keywords"": {""fields"": [""comments""], ""terms"": [""security""]}}, ""features"": []}"
Collect data for .vue and .jsx files,"{""intent"": ""collect"", ""platform"": ""github"", ""branch"": ""main"", ""metrics"": [""pr_title"", ""pr_number"", ""pr_state"", ""creation_date"", ""file_names"", ""file_status"", ""lines_added"", ""lines_deleted""], ""basic_filters"": {""date_range"": null, ""pr_status"": [""open"", ""closed"", ""merged""]}, ""cleaning_filters"": {""refined_date_range"": null, ""file_extensions"": [""vue"", ""jsx""], ""authors"": [], ""keywords"": {""fields"": [], ""terms"": []}}, ""features"": []}"
Calculate lead time and commits count,"{""intent"": ""collect"", ""platform"": ""github"", ""branch"": ""main"", ""metrics"": [""creation_date"", ""merge_date"", ""pr_state"", ""commit_sha"", ""commit_messages"", ""commit_authors"", ""commit_dates""], ""basic_filters"": {""date_range"": null, ""pr_status"": [""open"", ""closed"", ""merged""]}, ""cleaning_filters"": {""refined_date_range"": null, ""file_extensions"": [], ""authors"": [], ""keywords"": {""fields"": [], ""terms"": []}}, ""features"": [""lead_time"", ""commits_count""]}"
Compute mean time between commits,"{""intent"": ""collect"", ""platform"": ""github"", ""branch"": ""main"", ""metrics"": [""commit_sha"", ""commit_dates"", ""commit_authors""], ""basic_filters"": {""date_range"": null, ""pr_status"": [""open"", ""closed"", ""merged""]}, ""cleaning_filters"": {""refined_date_range"": null, ""file_extensions"": [], ""authors"": [], ""keywords"": {""fields"": [], ""terms"": []}}, ""features"": [""mean_time_between_commits""]}"
I need discussions count and comments count,"{""intent"": ""collect"", ""platform"": ""github"", ""branch"": ""main"", ""metrics"": [""pr_comments"", ""comment_content"", ""comment_authors"", ""pr_number"", ""pr_title""], ""basic_filters"": {""date_range"": null, ""pr_status"": [""open"", ""closed"", ""merged""]}, ""cleaning_filters"": {""refined_date_range"": null, ""file_extensions"": [], ""authors"": [], ""keywords"": {""fields"": [], ""terms"": []}}, ""features"": [""discussions_count"", ""comments_count""]}"
Calculate historical entropy,"{""intent"": ""collect"", ""platform"": ""github"", ""branch"": ""main"", ""metrics"": [""file_names"", ""file_changes"", ""file_status""], ""basic_filters"": {""date_range"": null, ""pr_status"": [""open"", ""closed"", ""merged""]}, ""cleaning_filters"": {""refined_date_range"": null, ""file_extensions"": [], ""authors"": [], ""keywords"": {""fields"": [], ""terms"": []}}, ""features"": [""historical_entropy""]}"
Get modified files and file types,"{""intent"": ""collect"", ""platform"": ""github"", ""branch"": ""main"", ""metrics"": [""file_names"", ""file_status"", ""lines_added"", ""lines_deleted""], ""basic_filters"": {""date_range"": null, ""pr_status"": [""open"", ""closed"", ""merged""]}, ""cleaning_filters"": {""refined_date_range"": null, ""file_extensions"": [], ""authors"": [], ""keywords"": {""fields"": [], ""terms"": []}}, ""features"": [""modified_files"", ""file_types""]}"
Calculate reviewers count,"{""intent"": ""collect"", ""platform"": ""github"", ""branch"": ""main"", ""metrics"": [""reviewer"", ""review_state"", ""review_date"", ""pr_number""], ""basic_filters"": {""date_range"": null, ""pr_status"": [""open"", ""closed"", ""merged""]}, ""cleaning_filters"": {""refined_date_range"": null, ""file_extensions"": [], ""authors"": [], ""keywords"": {""fields"": [], ""terms"": []}}, ""features"": [""reviewers_count""]}"
Compute total additions and deletions,"{""intent"": ""collect"", ""platform"": ""github"", ""branch"": ""main"", ""metrics"": [""lines_added"", ""lines_deleted"", ""file_names"", ""file_status"", ""pr_number""], ""basic_filters"": {""date_range"": null, ""pr_status"": [""open"", ""closed"", ""merged""]}, ""cleaning_filters"": {""refined_date_range"": null, ""file_extensions"": [], ""authors"": [], ""keywords"": {""fields"": [], ""terms"": []}}, ""features"": [""total_additions"", ""total_deletions""]}"
Get minor and major authors analysis,"{""intent"": ""collect"", ""platform"": ""github"", ""branch"": ""main"", ""metrics"": [""commit_sha"", ""commit_authors"", ""commit_dates"", ""lines_added"", ""lines_deleted""], ""basic_filters"": {""date_range"": null, ""pr_status"": [""open"", ""closed"", ""merged""]}, ""cleaning_filters"": {""refined_date_range"": null, ""file_extensions"": [], ""authors"": [], ""keywords"": {""fields"": [], ""terms"": []}}, ""features"": [""minor_authors"", ""major_authors""]}"
Calculate rework size and initial size,"{""intent"": ""collect"", ""platform"": ""github"", ""branch"": ""main"", ""metrics"": [""lines_added"", ""lines_deleted"", ""file_names"", ""file_status"", ""commit_sha"", ""commit_dates"", ""pr_state""], ""basic_filters"": {""date_range"": null, ""pr_status"": [""merged""]}, ""cleaning_filters"": {""refined_date_range"": null, ""file_extensions"": [], ""authors"": [], ""keywords"": {""fields"": [], ""terms"": []}}, ""features"": [""rework_size"", ""initial_size""]}"
Compute all time metrics,"{""intent"": ""collect"", ""platform"": ""github"", ""branch"": ""main"", ""metrics"": [""creation_date"", ""merge_date"", ""pr_state"", ""commit_sha"", ""commit_dates"", ""commit_authors""], ""basic_filters"": {""date_range"": null, ""pr_status"": [""open"", ""closed"", ""merged""]}, ""cleaning_filters"": {""refined_date_range"": null, ""file_extensions"": [], ""authors"": [], ""keywords"": {""fields"": [], ""terms"": []}}, ""features"": [""lead_time"", ""mean_time_between_commits"", ""delta_time""]}"
Calculer le lead time et le code churn,"{""intent"": ""collect"", ""platform"": ""github"", ""branch"": ""main"", ""metrics"": [""creation_date"", ""merge_date"", ""pr_state"", ""lines_added"", ""lines_deleted"", ""file_names"", ""file_status""], ""basic_filters"": {""date_range"": null, ""pr_status"": [""open"", ""closed"", ""merged""]}, ""cleaning_filters"": {""refined_date_range"": null, ""file_extensions"": [], ""authors"": [], ""keywords"": {""fields"": [], ""terms"": []}}, ""features"": [""lead_time"", ""churn_additions"", ""churn_deletions""]}"
Calculer le nombre de commits et le temps moyen entre commits,"{""intent"": ""collect"", ""platform"": ""gitlab"", ""branch"": ""main"", ""metrics"": [""commit_id"", ""commit_dates"", ""commit_authors"", ""commit_messages""], ""basic_filters"": {""date_range"": null, ""pr_status"": [""open"", ""closed"", ""merged""]}, ""cleaning_filters"": {""refined_date_range"": null, ""file_extensions"": [], ""authors"": [], ""keywords"": {""fields"": [], ""terms"": []}}, ""features"": [""commits_count"", ""mean_time_between_commits""]}"
Je veux le nombre de reviewers et de discussers,"{""intent"": ""collect"", ""platform"": ""github"", ""branch"": ""main"", ""metrics"": [""reviewer"", ""review_state"", ""review_date"", ""pr_comments"", ""comment_authors"", ""comment_content"", ""pr_number""], ""basic_filters"": {""date_range"": null, ""pr_status"": [""open"", ""closed"", ""merged""]}, ""cleaning_filters"": {""refined_date_range"": null, ""file_extensions"": [], ""authors"": [], ""keywords"": {""fields"": [], ""terms"": []}}, ""features"": [""reviewers_count"", ""discussers_count""]}"
Calculer l'entropie historique des fichiers,"{""intent"": ""collect"", ""platform"": ""github"", ""branch"": ""main"", ""metrics"": [""file_names"", ""file_changes"", ""file_status""], ""basic_filters"": {""date_range"": null, ""pr_status"": [""open"", ""closed"", ""merged""]}, ""cleaning_filters"": {""refined_date_range"": null, ""file_extensions"": [], ""authors"": [], ""keywords"": {""fields"": [], ""terms"": []}}, ""features"": [""historical_entropy""]}"
Calculate people count and unique committers,"{""intent"": ""collect"", ""platform"": ""github"", ""branch"": ""main"", ""metrics"": [""commit_sha"", ""commit_authors"", ""commit_dates"", ""pr_comments"", ""comment_authors"", ""reviewer"", ""pr_number""], ""basic_filters"": {""date_range"": null, ""pr_status"": [""open"", ""closed"", ""merged""]}, ""cleaning_filters"": {""refined_date_range"": null, ""file_extensions"": [], ""authors"": [], ""keywords"": {""fields"": [], ""terms"": []}}, ""features"": [""people_count"", ""unique_committers""]}"
Compute all collaboration metrics,"{""intent"": ""collect"", ""platform"": ""github"", ""branch"": ""main"", ""metrics"": [""pr_title"", ""pr_number"", ""pr_state"", ""pr_author"", ""creation_date"", ""commit_sha"", ""commit_authors"", ""commit_dates"", ""pr_comments"", ""comment_authors"", ""comment_content"", ""reviewer"", ""review_state"", ""review_date""], ""basic_filters"": {""date_range"": null, ""pr_status"": [""open"", ""closed"", ""merged""]}, ""cleaning_filters"": {""refined_date_range"": null, ""file_extensions"": [], ""authors"": [], ""keywords"": {""fields"": [], ""terms"": []}}, ""features"": [""discussions_count"", ""committers_list"", ""unique_committers"", ""committers_count"", ""comments_count"", ""people_count"", ""reviewers_count"", ""discussers_count""]}"
Obtenir la liste des committers et le nombre d'auteurs,"{""intent"": ""collect"", ""platform"": ""gitlab"", ""branch"": ""main"", ""metrics"": [""commit_id"", ""commit_authors"", ""commit_dates""], ""basic_filters"": {""date_range"": null, ""pr_status"": [""open"", ""closed"", ""merged""]}, ""cleaning_filters"": {""refined_date_range"": null, ""file_extensions"": [], ""authors"": [], ""keywords"": {""fields"": [], ""terms"": []}}, ""features"": [""committers_list"", ""unique_committers"", ""committers_count""]}"
Calculate delta time for merged PRs,"{""intent"": ""collect"", ""platform"": ""github"", ""branch"": ""main"", ""metrics"": [""creation_date"", ""merge_date"", ""pr_state""], ""basic_filters"": {""date_range"": null, ""pr_status"": [""merged""]}, ""cleaning_filters"": {""refined_date_range"": null, ""file_extensions"": [], ""authors"": [], ""keywords"": {""fields"": [], ""terms"": []}}, ""features"": [""delta_time""]}"
Je veux calculer toutes les métriques de code,"{""intent"": ""collect"", ""platform"": ""github"", ""branch"": ""main"", ""metrics"": [""file_names"", ""file_status"", ""lines_added"", ""lines_deleted"", ""file_changes"", ""commit_sha"", ""commit_dates"", ""pr_state"", ""creation_date"", ""merge_date""], ""basic_filters"": {""date_range"": null, ""pr_status"": [""open"", ""closed"", ""merged""]}, ""cleaning_filters"": {""refined_date_range"": null, ""file_extensions"": [], ""authors"": [], ""keywords"": {""fields"": [], ""terms"": []}}, ""features"": [""churn_additions"", ""churn_deletions"", ""initial_size"", ""rework_size"", ""total_additions"", ""total_deletions"", ""modified_files"", ""file_types"", ""historical_entropy""]}"
Compute committers list and count from develop,"{""intent"": ""collect"", ""platform"": ""gitlab"", ""branch"": ""develop"", ""metrics"": [""commit_id"", ""commit_authors"", ""commit_dates""], ""basic_filters"": {""date_range"": null, ""pr_status"": [""open"", ""closed"", ""merged""]}, ""cleaning_filters"": {""refined_date_range"": null, ""file_extensions"": [], ""authors"": [], ""keywords"": {""fields"": [], ""terms"": []}}, ""features"": [""committers_list"", ""unique_committers"", ""committers_count""]}"
Collect merged PRs from develop branch in Q1 2026 for Python files,"{""intent"": ""collect"", ""platform"": ""github"", ""branch"": ""develop"", ""metrics"": [""pr_title"", ""pr_number"", ""pr_state"", ""pr_author"", ""creation_date"", ""merge_date"", ""file_names"", ""file_status"", ""lines_added"", ""lines_deleted""], ""basic_filters"": {""date_range"": {""start_date"": ""2026-01-01"", ""end_date"": ""2026-03-31""}, ""pr_status"": [""merged""]}, ""cleaning_filters"": {""refined_date_range"": null, ""file_extensions"": [""py""], ""authors"": [], ""keywords"": {""fields"": [], ""terms"": []}}, ""features"": []}"
Get closed MRs from last month by author devops-user,"{""intent"": ""collect"", ""platform"": ""gitlab"", ""branch"": ""main"", ""metrics"": [""mr_title"", ""mr_iid"", ""mr_state"", ""mr_author"", ""creation_date"", ""close_date""], ""basic_filters"": {""date_range"": {""start_date"": ""2026-02-04"", ""end_date"": ""2026-03-04""}, ""pr_status"": [""closed""]}, ""cleaning_filters"": {""refined_date_range"": null, ""file_extensions"": [], ""authors"": [""devops-user""], ""keywords"": {""fields"": [], ""terms"": []}}, ""features"": []}"
Fetch open PRs from staging containing 'WIP' in title,"{""intent"": ""collect"", ""platform"": ""github"", ""branch"": ""staging"", ""metrics"": [""pr_title"", ""pr_description"", ""pr_number"", ""pr_state"", ""pr_author"", ""creation_date""], ""basic_filters"": {""date_range"": null, ""pr_status"": [""open""]}, ""cleaning_filters"": {""refined_date_range"": null, ""file_extensions"": [], ""authors"": [], ""keywords"": {""fields"": [""title""], ""terms"": [""WIP""]}}, ""features"": []}"
Récupérer les PRs mergées des fichiers .ts et .tsx depuis janvier 2026,"{""intent"": ""collect"", ""platform"": ""github"", ""branch"": ""main"", ""metrics"": [""pr_title"", ""pr_number"", ""pr_state"", ""pr_author"", ""creation_date"", ""merge_date"", ""file_names"", ""file_status"", ""lines_added"", ""lines_deleted""], ""basic_filters"": {""date_range"": {""start_date"": ""2026-01-01"", ""end_date"": ""2026-03-04""}, ""pr_status"": [""merged""]}, ""cleaning_filters"": {""refined_date_range"": null, ""file_extensions"": [""ts"", ""tsx""], ""authors"": [], ""keywords"": {""fields"": [], ""terms"": []}}, ""features"": []}"
Get merged MRs authored by alice and bob for .py and .js files,"{""intent"": ""collect"", ""platform"": ""github"", ""branch"": ""main"", ""metrics"": [""pr_title"", ""pr_number"", ""pr_state"", ""pr_author"", ""creation_date"", ""merge_date"", ""file_names"", ""lines_added"", ""lines_deleted""], ""basic_filters"": {""date_range"": null, ""pr_status"": [""merged""]}, ""cleaning_filters"": {""refined_date_range"": null, ""file_extensions"": [""py"", ""js""], ""authors"": [""alice"", ""bob""], ""keywords"": {""fields"": [], ""terms"": []}}, ""features"": []}"
Collect PRs from develop in January with 'refactor' keyword in title,"{""intent"": ""collect"", ""platform"": ""github"", ""branch"": ""develop"", ""metrics"": [""pr_title"", ""pr_description"", ""pr_number"", ""pr_state"", ""pr_author"", ""creation_date""], ""basic_filters"": {""date_range"": {""start_date"": ""2026-01-01"", ""end_date"": ""2026-01-31""}, ""pr_status"": [""open"", ""closed"", ""merged""]}, ""cleaning_filters"": {""refined_date_range"": null, ""file_extensions"": [], ""authors"": [], ""keywords"": {""fields"": [""title""], ""terms"": [""refactor""]}}, ""features"": []}"
Récupérer les MRs fermées et mergées par team-lead dans les fichiers .php,"{""intent"": ""collect"", ""platform"": ""gitlab"", ""branch"": ""main"", ""metrics"": [""mr_title"", ""mr_iid"", ""mr_state"", ""mr_author"", ""creation_date"", ""merge_date"", ""close_date"", ""old_file_path"", ""new_file_path""], ""basic_filters"": {""date_range"": null, ""pr_status"": [""closed"", ""merged""]}, ""cleaning_filters"": {""refined_date_range"": null, ""file_extensions"": [""php""], ""authors"": [""team-lead""], ""keywords"": {""fields"": [], ""terms"": []}}, ""features"": []}"
Get commits from staging branch in February 2026 for Ruby files,"{""intent"": ""collect"", ""platform"": ""github"", ""branch"": ""staging"", ""metrics"": [""commit_sha"", ""commit_messages"", ""commit_authors"", ""commit_dates"", ""file_changes""], ""basic_filters"": {""date_range"": {""start_date"": ""2026-02-01"", ""end_date"": ""2026-02-28""}, ""pr_status"": [""open"", ""closed"", ""merged""]}, ""cleaning_filters"": {""refined_date_range"": null, ""file_extensions"": [""rb""], ""authors"": [], ""keywords"": {""fields"": [], ""terms"": []}}, ""features"": []}"
Collect reviews from develop last month,"{""intent"": ""collect"", ""platform"": ""github"", ""branch"": ""develop"", ""metrics"": [""review_state"", ""reviewer"", ""review_date"", ""review_comments"", ""pr_number"", ""pr_title""], ""basic_filters"": {""date_range"": {""start_date"": ""2026-02-04"", ""end_date"": ""2026-03-04""}, ""pr_status"": [""open"", ""closed"", ""merged""]}, ""cleaning_filters"": {""refined_date_range"": null, ""file_extensions"": [], ""authors"": [], ""keywords"": {""fields"": [], ""terms"": []}}, ""features"": []}"
Récupérer les données des fichiers .sql avec le mot 'migration' dans le titre depuis la branche release,"{""intent"": ""collect"", ""platform"": ""gitlab"", ""branch"": ""release"", ""metrics"": [""mr_title"", ""mr_description"", ""mr_iid"", ""mr_state"", ""mr_author"", ""creation_date"", ""old_file_path"", ""new_file_path""], ""basic_filters"": {""date_range"": null, ""pr_status"": [""open"", ""closed"", ""merged""]}, ""cleaning_filters"": {""refined_date_range"": null, ""file_extensions"": [""sql""], ""authors"": [], ""keywords"": {""fields"": [""title""], ""terms"": [""migration""]}}, ""features"": []}"
Get file changes from hotfix branch for .yaml files in Q4 2025,"{""intent"": ""collect"", ""platform"": ""github"", ""branch"": ""hotfix"", ""metrics"": [""file_names"", ""file_status"", ""lines_added"", ""lines_deleted"", ""total_changes"", ""pr_number""], ""basic_filters"": {""date_range"": {""start_date"": ""2025-10-01"", ""end_date"": ""2025-12-31""}, ""pr_status"": [""open"", ""closed"", ""merged""]}, ""cleaning_filters"": {""refined_date_range"": null, ""file_extensions"": [""yaml"", ""yml""], ""authors"": [], ""keywords"": {""fields"": [], ""terms"": []}}, ""features"": []}"
Collect all MR data from production branch by senior-dev and lead-dev,"{""intent"": ""collect"", ""platform"": ""gitlab"", ""branch"": ""production"", ""metrics"": [""mr_title"", ""mr_iid"", ""mr_state"", ""mr_author"", ""creation_date"", ""merge_date"", ""merged_by"", ""commit_id"", ""commit_messages"", ""commit_authors"", ""commit_dates""], ""basic_filters"": {""date_range"": null, ""pr_status"": [""open"", ""closed"", ""merged""]}, ""cleaning_filters"": {""refined_date_range"": null, ""file_extensions"": [], ""authors"": [""senior-dev"", ""lead-dev""], ""keywords"": {""fields"": [], ""terms"": []}}, ""features"": []}"
Récupérer les PRs ouvertes et fermées de la branche develop avec les commentaires,"{""intent"": ""collect"", ""platform"": ""github"", ""branch"": ""develop"", ""metrics"": [""pr_title"", ""pr_number"", ""pr_state"", ""pr_author"", ""creation_date"", ""close_date"", ""pr_comments"", ""comment_authors"", ""comment_dates"", ""comment_content""], ""basic_filters"": {""date_range"": null, ""pr_status"": [""open"", ""closed""]}, ""cleaning_filters"": {""refined_date_range"": null, ""file_extensions"": [], ""authors"": [], ""keywords"": {""fields"": [], ""terms"": []}}, ""features"": []}"
Get merged PRs with 'deploy' in title for .yml files from staging,"{""intent"": ""collect"", ""platform"": ""github"", ""branch"": ""staging"", ""metrics"": [""pr_title"", ""pr_description"", ""pr_number"", ""pr_state"", ""creation_date"", ""merge_date""], ""basic_filters"": {""date_range"": null, ""pr_status"": [""merged""]}, ""cleaning_filters"": {""refined_date_range"": null, ""file_extensions"": [""yml""], ""authors"": [], ""keywords"": {""fields"": [""title""], ""terms"": [""deploy""]}}, ""features"": []}"
"Collect MRs from develop branch in February 2026, only .vue files by frontend-dev","{""intent"": ""collect"", ""platform"": ""gitlab"", ""branch"": ""develop"", ""metrics"": [""mr_title"", ""mr_iid"", ""mr_state"", ""mr_author"", ""creation_date"", ""merge_date"", ""old_file_path"", ""new_file_path"", ""file_diff""], ""basic_filters"": {""date_range"": {""start_date"": ""2026-02-01"", ""end_date"": ""2026-02-28""}, ""pr_status"": [""open"", ""closed"", ""merged""]}, ""cleaning_filters"": {""refined_date_range"": null, ""file_extensions"": [""vue""], ""authors"": [""frontend-dev""], ""keywords"": {""fields"": [], ""terms"": []}}, ""features"": []}"
Fetch PRs from last year mentioning 'performance' in description for .rs files,"{""intent"": ""collect"", ""platform"": ""github"", ""branch"": ""main"", ""metrics"": [""pr_title"", ""pr_description"", ""pr_number"", ""pr_state"", ""pr_author"", ""creation_date"", ""file_names"", ""file_status""], ""basic_filters"": {""date_range"": {""start_date"": ""2025-01-01"", ""end_date"": ""2025-12-31""}, ""pr_status"": [""open"", ""closed"", ""merged""]}, ""cleaning_filters"": {""refined_date_range"": null, ""file_extensions"": [""rs""], ""authors"": [], ""keywords"": {""fields"": [""description""], ""terms"": [""performance""]}}, ""features"": []}"
Récupérer les PRs des fichiers Kotlin contenant 'fix' ou 'crash' dans le titre,"{""intent"": ""collect"", ""platform"": ""github"", ""branch"": ""main"", ""metrics"": [""pr_title"", ""pr_description"", ""pr_number"", ""pr_state"", ""pr_author"", ""creation_date""], ""basic_filters"": {""date_range"": null, ""pr_status"": [""open"", ""closed"", ""merged""]}, ""cleaning_filters"": {""refined_date_range"": null, ""file_extensions"": [""kt""], ""authors"": [], ""keywords"": {""fields"": [""title""], ""terms"": [""fix"", ""crash""]}}, ""features"": []}"
"Get PRs filtered to C++ files from develop, open and merged only","{""intent"": ""collect"", ""platform"": ""github"", ""branch"": ""develop"", ""metrics"": [""pr_title"", ""pr_number"", ""pr_state"", ""pr_author"", ""creation_date"", ""file_names"", ""file_status""], ""basic_filters"": {""date_range"": null, ""pr_status"": [""open"", ""merged""]}, ""cleaning_filters"": {""refined_date_range"": null, ""file_extensions"": [""cpp"", ""h""], ""authors"": [], ""keywords"": {""fields"": [], ""terms"": []}}, ""features"": []}"
Collect open PRs from feature/dashboard containing 'WIP' or 'draft' in title,"{""intent"": ""collect"", ""platform"": ""github"", ""branch"": ""feature/dashboard"", ""metrics"": [""pr_title"", ""pr_description"", ""pr_number"", ""pr_state"", ""pr_author"", ""creation_date""], ""basic_filters"": {""date_range"": null, ""pr_status"": [""open""]}, ""cleaning_filters"": {""refined_date_range"": null, ""file_extensions"": [], ""authors"": [], ""keywords"": {""fields"": [""title""], ""terms"": [""WIP"", ""draft""]}}, ""features"": []}"
Récupérer les données avec une plage de dates raffinée du 1er au 15 février 2026,"{""intent"": ""collect"", ""platform"": ""github"", ""branch"": ""main"", ""metrics"": [""pr_title"", ""pr_number"", ""pr_state"", ""pr_author"", ""creation_date"", ""merge_date""], ""basic_filters"": {""date_range"": null, ""pr_status"": [""open"", ""closed"", ""merged""]}, ""cleaning_filters"": {""refined_date_range"": {""start_date"": ""2026-02-01"", ""end_date"": ""2026-02-15""}, ""file_extensions"": [], ""authors"": [], ""keywords"": {""fields"": [], ""terms"": []}}, ""features"": []}"
Get merged MRs since January authored by data-engineer for .py and .ipynb files,"{""intent"": ""collect"", ""platform"": ""gitlab"", ""branch"": ""main"", ""metrics"": [""mr_title"", ""mr_iid"", ""mr_state"", ""mr_author"", ""creation_date"", ""merge_date"", ""commit_id"", ""commit_authors"", ""commit_dates"", ""old_file_path"", ""new_file_path""], ""basic_filters"": {""date_range"": {""start_date"": ""2026-01-01"", ""end_date"": ""2026-03-04""}, ""pr_status"": [""merged""]}, ""cleaning_filters"": {""refined_date_range"": null, ""file_extensions"": [""py"", ""ipynb""], ""authors"": [""data-engineer""], ""keywords"": {""fields"": [], ""terms"": []}}, ""features"": []}"
Collect PRs with 'breaking change' in description from staging in 2025,"{""intent"": ""collect"", ""platform"": ""github"", ""branch"": ""staging"", ""metrics"": [""pr_title"", ""pr_description"", ""pr_number"", ""pr_state"", ""pr_author"", ""creation_date"", ""merge_date""], ""basic_filters"": {""date_range"": {""start_date"": ""2025-01-01"", ""end_date"": ""2025-12-31""}, ""pr_status"": [""open"", ""closed"", ""merged""]}, ""cleaning_filters"": {""refined_date_range"": null, ""file_extensions"": [], ""authors"": [], ""keywords"": {""fields"": [""description""], ""terms"": [""breaking change""]}}, ""features"": []}"
Récupérer les PRs fermées avec le mot 'deprecated' dans les commentaires,"{""intent"": ""collect"", ""platform"": ""github"", ""branch"": ""main"", ""metrics"": [""pr_title"", ""pr_number"", ""pr_state"", ""pr_author"", ""creation_date"", ""close_date"", ""pr_comments"", ""comment_content""], ""basic_filters"": {""date_range"": null, ""pr_status"": [""closed""]}, ""cleaning_filters"": {""refined_date_range"": null, ""file_extensions"": [], ""authors"": [], ""keywords"": {""fields"": [""comments""], ""terms"": [""deprecated""]}}, ""features"": []}"
Get closed and merged PRs authored by qa-team with 'test' in title,"{""intent"": ""collect"", ""platform"": ""github"", ""branch"": ""main"", ""metrics"": [""pr_title"", ""pr_description"", ""pr_number"", ""pr_state"", ""pr_author"", ""creation_date"", ""close_date"", ""merge_date""], ""basic_filters"": {""date_range"": null, ""pr_status"": [""closed"", ""merged""]}, ""cleaning_filters"": {""refined_date_range"": null, ""file_extensions"": [], ""authors"": [""qa-team""], ""keywords"": {""fields"": [""title""], ""terms"": [""test""]}}, ""features"": []}"
Collect MR data from release branch for .swift files author ios-team in 2024,"{""intent"": ""collect"", ""platform"": ""gitlab"", ""branch"": ""release"", ""metrics"": [""mr_title"", ""mr_iid"", ""mr_state"", ""mr_author"", ""creation_date"", ""merge_date"", ""old_file_path"", ""new_file_path"", ""file_diff""], ""basic_filters"": {""date_range"": {""start_date"": ""2024-01-01"", ""end_date"": ""2024-12-31""}, ""pr_status"": [""open"", ""closed"", ""merged""]}, ""cleaning_filters"": {""refined_date_range"": null, ""file_extensions"": [""swift""], ""authors"": [""ios-team""], ""keywords"": {""fields"": [], ""terms"": []}}, ""features"": []}"
Collect merged PRs from develop branch in Q1 2026 for Python files and calculate lead time and code churn,"{""intent"": ""collect"", ""platform"": ""github"", ""branch"": ""develop"", ""metrics"": [""creation_date"", ""merge_date"", ""pr_state"", ""pr_title"", ""pr_number"", ""lines_added"", ""lines_deleted"", ""file_names"", ""file_status""], ""basic_filters"": {""date_range"": {""start_date"": ""2026-01-01"", ""end_date"": ""2026-03-31""}, ""pr_status"": [""merged""]}, ""cleaning_filters"": {""refined_date_range"": null, ""file_extensions"": [""py""], ""authors"": [], ""keywords"": {""fields"": [], ""terms"": []}}, ""features"": [""lead_time"", ""churn_additions"", ""churn_deletions""]}"
"I want to get all the MR data from release branch, filter by author backend-dev from last month, and calculate discussions count, committers list, and people count","{""intent"": ""collect"", ""platform"": ""gitlab"", ""branch"": ""release"", ""metrics"": [""mr_title"", ""mr_iid"", ""mr_state"", ""mr_author"", ""creation_date"", ""merge_date"", ""commit_id"", ""commit_authors"", ""commit_dates"", ""discussion_id"", ""discussion_notes"", ""note_content"", ""note_author""], ""basic_filters"": {""date_range"": {""start_date"": ""2026-02-04"", ""end_date"": ""2026-03-04""}, ""pr_status"": [""open"", ""closed"", ""merged""]}, ""cleaning_filters"": {""refined_date_range"": null, ""file_extensions"": [], ""authors"": [""backend-dev""], ""keywords"": {""fields"": [], ""terms"": []}}, ""features"": [""discussions_count"", ""committers_list"", ""people_count""]}"
"Fetch merged PRs from staging with 'deploy' in title, for .yaml and .yml files, and compute modified files and file types","{""intent"": ""collect"", ""platform"": ""github"", ""branch"": ""staging"", ""metrics"": [""pr_title"", ""pr_description"", ""pr_number"", ""pr_state"", ""creation_date"", ""merge_date"", ""file_names"", ""file_status""], ""basic_filters"": {""date_range"": null, ""pr_status"": [""merged""]}, ""cleaning_filters"": {""refined_date_range"": null, ""file_extensions"": [""yaml"", ""yml""], ""authors"": [], ""keywords"": {""fields"": [""title""], ""terms"": [""deploy""]}}, ""features"": [""modified_files"", ""file_types""]}"
"Collecter les MRs mergées entre janvier et février 2026, calculer le lead time et le nombre de commits","{""intent"": ""collect"", ""platform"": ""gitlab"", ""branch"": ""main"", ""metrics"": [""mr_title"", ""mr_iid"", ""mr_state"", ""creation_date"", ""merge_date"", ""commit_id"", ""commit_messages"", ""commit_authors"", ""commit_dates""], ""basic_filters"": {""date_range"": {""start_date"": ""2026-01-01"", ""end_date"": ""2026-02-28""}, ""pr_status"": [""merged""]}, ""cleaning_filters"": {""refined_date_range"": null, ""file_extensions"": [], ""authors"": [], ""keywords"": {""fields"": [], ""terms"": []}}, ""features"": [""lead_time"", ""commits_count""]}"
"Get all PR data with 'API' in title from master branch, only .py and .go files by devops-lead, calculate lead time, commits count, churn and reviewers count","{""intent"": ""collect"", ""platform"": ""github"", ""branch"": ""master"", ""metrics"": [""pr_title"", ""pr_description"", ""pr_number"", ""pr_state"", ""pr_author"", ""creation_date"", ""merge_date"", ""commit_sha"", ""commit_messages"", ""commit_authors"", ""commit_dates"", ""file_names"", ""file_status"", ""lines_added"", ""lines_deleted"", ""reviewer"", ""review_state""], ""basic_filters"": {""date_range"": null, ""pr_status"": [""open"", ""closed"", ""merged""]}, ""cleaning_filters"": {""refined_date_range"": null, ""file_extensions"": [""py"", ""go""], ""authors"": [""devops-lead""], ""keywords"": {""fields"": [""title""], ""terms"": [""API""]}}, ""features"": [""lead_time"", ""commits_count"", ""churn_additions"", ""churn_deletions"", ""reviewers_count""]}"
"I need a complete analysis: collect merged PRs from Q4 2025, .ts files only, and calculate all time metrics, code churn, discussions, and committer stats","{""intent"": ""collect"", ""platform"": ""github"", ""branch"": ""main"", ""metrics"": [""pr_title"", ""pr_number"", ""pr_state"", ""pr_author"", ""creation_date"", ""merge_date"", ""commit_sha"", ""commit_messages"", ""commit_authors"", ""commit_dates"", ""file_names"", ""file_status"", ""lines_added"", ""lines_deleted"", ""file_changes"", ""pr_comments"", ""comment_authors"", ""comment_content"", ""reviewer"", ""review_state"", ""review_date""], ""basic_filters"": {""date_range"": {""start_date"": ""2025-10-01"", ""end_date"": ""2025-12-31""}, ""pr_status"": [""merged""]}, ""cleaning_filters"": {""refined_date_range"": null, ""file_extensions"": [""ts""], ""authors"": [], ""keywords"": {""fields"": [], ""terms"": []}}, ""features"": [""lead_time"", ""mean_time_between_commits"", ""delta_time"", ""churn_additions"", ""churn_deletions"", ""discussions_count"", ""committers_list"", ""unique_committers"", ""reviewers_count"", ""comments_count"", ""people_count""]}"
Collect MR data from develop for .java files with discussion data and calculate historical entropy and file analysis,"{""intent"": ""collect"", ""platform"": ""gitlab"", ""branch"": ""develop"", ""metrics"": [""mr_iid"", ""mr_state"", ""creation_date"", ""old_file_path"", ""new_file_path"", ""file_diff"", ""commit_id"", ""commit_dates"", ""file_changes_diff"", ""discussion_id"", ""discussion_notes""], ""basic_filters"": {""date_range"": null, ""pr_status"": [""open"", ""closed"", ""merged""]}, ""cleaning_filters"": {""refined_date_range"": null, ""file_extensions"": [""java""], ""authors"": [], ""keywords"": {""fields"": [], ""terms"": []}}, ""features"": [""historical_entropy"", ""modified_files"", ""file_types""]}"
"Récupérer les données complètes branche develop, fichiers .py et .yml, par data-engineer, calculer tous les métriques de temps","{""intent"": ""collect"", ""platform"": ""gitlab"", ""branch"": ""develop"", ""metrics"": [""mr_title"", ""mr_iid"", ""mr_state"", ""mr_author"", ""creation_date"", ""merge_date"", ""commit_id"", ""commit_dates"", ""commit_authors"", ""old_file_path"", ""new_file_path""], ""basic_filters"": {""date_range"": null, ""pr_status"": [""open"", ""closed"", ""merged""]}, ""cleaning_filters"": {""refined_date_range"": null, ""file_extensions"": [""py"", ""yml""], ""authors"": [""data-engineer""], ""keywords"": {""fields"": [], ""terms"": []}}, ""features"": [""lead_time"", ""mean_time_between_commits"", ""delta_time""]}"
"Get PRs from feature/api-v2 since November 2025, all reviews and inline comments, calculate reviewers count","{""intent"": ""collect"", ""platform"": ""github"", ""branch"": ""feature/api-v2"", ""metrics"": [""pr_title"", ""pr_number"", ""pr_state"", ""pr_author"", ""creation_date"", ""review_state"", ""reviewer"", ""review_date"", ""review_comments"", ""inline_comments"", ""comment_author"", ""comment_date"", ""code_position"", ""file_path""], ""basic_filters"": {""date_range"": {""start_date"": ""2025-11-01"", ""end_date"": ""2026-03-04""}, ""pr_status"": [""open"", ""closed"", ""merged""]}, ""cleaning_filters"": {""refined_date_range"": null, ""file_extensions"": [], ""authors"": [], ""keywords"": {""fields"": [], ""terms"": []}}, ""features"": [""reviewers_count""]}"
"Fetch merged MRs from Q4 2025 on release branch by devops and sre-team, calculate total additions and deletions","{""intent"": ""collect"", ""platform"": ""gitlab"", ""branch"": ""release"", ""metrics"": [""mr_title"", ""mr_iid"", ""mr_state"", ""mr_author"", ""creation_date"", ""merge_date"", ""old_file_path"", ""new_file_path"", ""file_diff""], ""basic_filters"": {""date_range"": {""start_date"": ""2025-10-01"", ""end_date"": ""2025-12-31""}, ""pr_status"": [""merged""]}, ""cleaning_filters"": {""refined_date_range"": null, ""file_extensions"": [], ""authors"": [""devops"", ""sre-team""], ""keywords"": {""fields"": [], ""terms"": []}}, ""features"": [""total_additions"", ""total_deletions""]}"
"Collect PRs in February, .ts and .tsx files with 'component' in title, compute lead time, commits count, churn, discussions, and modified files","{""intent"": ""collect"", ""platform"": ""github"", ""branch"": ""main"", ""metrics"": [""pr_title"", ""pr_description"", ""pr_number"", ""pr_state"", ""pr_author"", ""creation_date"", ""merge_date"", ""commit_sha"", ""commit_authors"", ""commit_dates"", ""file_names"", ""file_status"", ""lines_added"", ""lines_deleted"", ""pr_comments"", ""comment_content""], ""basic_filters"": {""date_range"": {""start_date"": ""2026-02-01"", ""end_date"": ""2026-02-28""}, ""pr_status"": [""open"", ""closed"", ""merged""]}, ""cleaning_filters"": {""refined_date_range"": null, ""file_extensions"": [""ts"", ""tsx""], ""authors"": [], ""keywords"": {""fields"": [""title""], ""terms"": [""component""]}}, ""features"": [""lead_time"", ""commits_count"", ""churn_additions"", ""churn_deletions"", ""discussions_count"", ""modified_files""]}"
"Récupérer les PRs mergées avec 'optimization' dans les commentaires, fichiers .py, calculer le churn et le rework size","{""intent"": ""collect"", ""platform"": ""github"", ""branch"": ""main"", ""metrics"": [""pr_title"", ""pr_number"", ""pr_state"", ""creation_date"", ""merge_date"", ""pr_comments"", ""comment_content"", ""file_names"", ""file_status"", ""lines_added"", ""lines_deleted"", ""commit_sha"", ""commit_dates""], ""basic_filters"": {""date_range"": null, ""pr_status"": [""merged""]}, ""cleaning_filters"": {""refined_date_range"": null, ""file_extensions"": [""py""], ""authors"": [], ""keywords"": {""fields"": [""comments""], ""terms"": [""optimization""]}}, ""features"": [""churn_additions"", ""churn_deletions"", ""rework_size""]}"
"Collect all data from production branch by senior-dev, merged only, compute lead time, delta time, mean time between commits, discussions count, committers list, and people count","{""intent"": ""collect"", ""platform"": ""gitlab"", ""branch"": ""production"", ""metrics"": [""mr_title"", ""mr_iid"", ""mr_state"", ""mr_author"", ""creation_date"", ""merge_date"", ""commit_id"", ""commit_dates"", ""commit_authors"", ""discussion_id"", ""discussion_notes"", ""note_content"", ""note_author""], ""basic_filters"": {""date_range"": null, ""pr_status"": [""merged""]}, ""cleaning_filters"": {""refined_date_range"": null, ""file_extensions"": [], ""authors"": [""senior-dev""], ""keywords"": {""fields"": [], ""terms"": []}}, ""features"": [""lead_time"", ""delta_time"", ""mean_time_between_commits"", ""discussions_count"", ""committers_list"", ""people_count""]}"
Collect everything from 2025 for Rust files and calculate all code and time metrics,"{""intent"": ""collect"", ""platform"": ""github"", ""branch"": ""main"", ""metrics"": [""pr_title"", ""pr_number"", ""pr_state"", ""pr_author"", ""creation_date"", ""merge_date"", ""commit_sha"", ""commit_messages"", ""commit_authors"", ""commit_dates"", ""file_names"", ""file_status"", ""lines_added"", ""lines_deleted"", ""file_changes"", ""pr_comments"", ""comment_authors"", ""comment_content"", ""reviewer"", ""review_state"", ""review_date""], ""basic_filters"": {""date_range"": {""start_date"": ""2025-01-01"", ""end_date"": ""2025-12-31""}, ""pr_status"": [""open"", ""closed"", ""merged""]}, ""cleaning_filters"": {""refined_date_range"": null, ""file_extensions"": [""rs""], ""authors"": [], ""keywords"": {""fields"": [], ""terms"": []}}, ""features"": [""lead_time"", ""commits_count"", ""mean_time_between_commits"", ""churn_additions"", ""churn_deletions"", ""modified_files"", ""file_types"", ""historical_entropy"", ""discussions_count"", ""committers_list"", ""unique_committers"", ""reviewers_count"", ""comments_count""]}"
"Je veux collecter les PRs fermées et mergées de la branche develop du dernier mois, fichiers .php, par full-stack-dev, et calculer le lead time, discussions count et reviewers count","{""intent"": ""collect"", ""platform"": ""github"", ""branch"": ""develop"", ""metrics"": [""pr_title"", ""pr_number"", ""pr_state"", ""pr_author"", ""creation_date"", ""merge_date"", ""close_date"", ""pr_comments"", ""comment_content"", ""comment_authors"", ""reviewer"", ""review_state"", ""review_date""], ""basic_filters"": {""date_range"": {""start_date"": ""2026-02-04"", ""end_date"": ""2026-03-04""}, ""pr_status"": [""closed"", ""merged""]}, ""cleaning_filters"": {""refined_date_range"": null, ""file_extensions"": [""php""], ""authors"": [""full-stack-dev""], ""keywords"": {""fields"": [], ""terms"": []}}, ""features"": [""lead_time"", ""discussions_count"", ""reviewers_count""]}"
"Get MR discussions with notes for merged MRs on integration branch, filter for 'backend' keyword in title, calculate discussions count and comments count","{""intent"": ""collect"", ""platform"": ""gitlab"", ""branch"": ""integration"", ""metrics"": [""mr_title"", ""mr_description"", ""mr_iid"", ""mr_state"", ""creation_date"", ""merge_date"", ""discussion_id"", ""discussion_notes"", ""resolved_status"", ""note_content"", ""note_author"", ""note_date"", ""note_type""], ""basic_filters"": {""date_range"": null, ""pr_status"": [""merged""]}, ""cleaning_filters"": {""refined_date_range"": null, ""file_extensions"": [], ""authors"": [], ""keywords"": {""fields"": [""title""], ""terms"": [""backend""]}}, ""features"": [""discussions_count"", ""comments_count""]}"
"Collect PRs from feature/notifications this year, .dart files, calculate rework size and initial size","{""intent"": ""collect"", ""platform"": ""github"", ""branch"": ""feature/notifications"", ""metrics"": [""pr_title"", ""pr_number"", ""pr_state"", ""creation_date"", ""merge_date"", ""commit_sha"", ""commit_dates"", ""file_names"", ""file_status"", ""lines_added"", ""lines_deleted""], ""basic_filters"": {""date_range"": {""start_date"": ""2026-01-01"", ""end_date"": ""2026-03-04""}, ""pr_status"": [""open"", ""closed"", ""merged""]}, ""cleaning_filters"": {""refined_date_range"": null, ""file_extensions"": [""dart""], ""authors"": [], ""keywords"": {""fields"": [], ""terms"": []}}, ""features"": [""rework_size"", ""initial_size""]}"
"Récupérer les MRs avec les mots-clés 'CI' et 'pipeline' dans la description, calculer le nombre de commits et la liste des committers","{""intent"": ""collect"", ""platform"": ""gitlab"", ""branch"": ""main"", ""metrics"": [""mr_title"", ""mr_description"", ""mr_iid"", ""mr_state"", ""mr_author"", ""creation_date"", ""commit_id"", ""commit_messages"", ""commit_authors"", ""commit_dates""], ""basic_filters"": {""date_range"": null, ""pr_status"": [""open"", ""closed"", ""merged""]}, ""cleaning_filters"": {""refined_date_range"": null, ""file_extensions"": [], ""authors"": [], ""keywords"": {""fields"": [""description""], ""terms"": [""CI"", ""pipeline""]}}, ""features"": [""commits_count"", ""mean_time_between_commits"", ""committers_list""]}"
"Get all PR data in 2024 with commits and file changes for .swift files by ios-team, and compute commits count, churn, and modified files","{""intent"": ""collect"", ""platform"": ""github"", ""branch"": ""main"", ""metrics"": [""pr_title"", ""pr_number"", ""pr_state"", ""pr_author"", ""creation_date"", ""merge_date"", ""commit_sha"", ""commit_messages"", ""commit_authors"", ""commit_dates"", ""file_names"", ""file_status"", ""lines_added"", ""lines_deleted"", ""total_changes""], ""basic_filters"": {""date_range"": {""start_date"": ""2024-01-01"", ""end_date"": ""2024-12-31""}, ""pr_status"": [""open"", ""closed"", ""merged""]}, ""cleaning_filters"": {""refined_date_range"": null, ""file_extensions"": [""swift""], ""authors"": [""ios-team""], ""keywords"": {""fields"": [], ""terms"": []}}, ""features"": [""commits_count"", ""churn_additions"", ""churn_deletions"", ""modified_files""]}"
"Collect data and calculate everything: lead time, code churn, collaboration metrics, file metrics","{""intent"": ""collect"", ""platform"": ""github"", ""branch"": ""main"", ""metrics"": [""pr_title"", ""pr_number"", ""pr_state"", ""pr_author"", ""creation_date"", ""merge_date"", ""commit_sha"", ""commit_messages"", ""commit_authors"", ""commit_dates"", ""file_names"", ""file_status"", ""lines_added"", ""lines_deleted"", ""file_changes"", ""pr_comments"", ""comment_authors"", ""comment_content"", ""reviewer"", ""review_state"", ""review_date""], ""basic_filters"": {""date_range"": null, ""pr_status"": [""open"", ""closed"", ""merged""]}, ""cleaning_filters"": {""refined_date_range"": null, ""file_extensions"": [], ""authors"": [], ""keywords"": {""fields"": [], ""terms"": []}}, ""features"": [""lead_time"", ""commits_count"", ""mean_time_between_commits"", ""delta_time"", ""churn_additions"", ""churn_deletions"", ""initial_size"", ""rework_size"", ""total_additions"", ""total_deletions"", ""modified_files"", ""file_types"", ""historical_entropy"", ""discussions_count"", ""committers_list"", ""unique_committers"", ""minor_authors"", ""major_authors"", ""people_count"", ""reviewers_count"", ""committers_count"", ""discussers_count"", ""comments_count""]}"
"Collecter les MRs de develop entre janvier et février 2026, fichiers .py et .ipynb par ml-engineer, calculer commits count et lead time","{""intent"": ""collect"", ""platform"": ""gitlab"", ""branch"": ""develop"", ""metrics"": [""mr_title"", ""mr_iid"", ""mr_state"", ""mr_author"", ""creation_date"", ""merge_date"", ""commit_id"", ""commit_messages"", ""commit_authors"", ""commit_dates"", ""old_file_path"", ""new_file_path""], ""basic_filters"": {""date_range"": {""start_date"": ""2026-01-01"", ""end_date"": ""2026-02-28""}, ""pr_status"": [""open"", ""closed"", ""merged""]}, ""cleaning_filters"": {""refined_date_range"": null, ""file_extensions"": [""py"", ""ipynb""], ""authors"": [""ml-engineer""], ""keywords"": {""fields"": [], ""terms"": []}}, ""features"": [""commits_count"", ""lead_time""]}"
"Collect PRs from hotfix branch with refined date range Jan 15 to Feb 15 2026, compute commits and churn","{""intent"": ""collect"", ""platform"": ""github"", ""branch"": ""hotfix"", ""metrics"": [""pr_title"", ""pr_number"", ""pr_state"", ""pr_author"", ""creation_date"", ""merge_date"", ""commit_sha"", ""commit_dates"", ""lines_added"", ""lines_deleted"", ""file_names"", ""file_status""], ""basic_filters"": {""date_range"": null, ""pr_status"": [""open"", ""closed"", ""merged""]}, ""cleaning_filters"": {""refined_date_range"": {""start_date"": ""2026-01-15"", ""end_date"": ""2026-02-15""}, ""file_extensions"": [], ""authors"": [], ""keywords"": {""fields"": [], ""terms"": []}}, ""features"": [""commits_count"", ""churn_additions"", ""churn_deletions""]}"
"Get MR data from v2.0 branch for C# files by dotnet-dev, calculate lead time and total additions, from last quarter","{""intent"": ""collect"", ""platform"": ""gitlab"", ""branch"": ""v2.0"", ""metrics"": [""mr_title"", ""mr_iid"", ""mr_state"", ""mr_author"", ""creation_date"", ""merge_date"", ""old_file_path"", ""new_file_path"", ""file_diff""], ""basic_filters"": {""date_range"": {""start_date"": ""2025-12-04"", ""end_date"": ""2026-03-04""}, ""pr_status"": [""open"", ""closed"", ""merged""]}, ""cleaning_filters"": {""refined_date_range"": null, ""file_extensions"": [""cs""], ""authors"": [""dotnet-dev""], ""keywords"": {""fields"": [], ""terms"": []}}, ""features"": [""lead_time"", ""total_additions"", ""total_deletions""]}"
"I want commit data and reviews from develop in January for .go files, compute mean time between commits and reviewers count","{""intent"": ""collect"", ""platform"": ""github"", ""branch"": ""develop"", ""metrics"": [""commit_sha"", ""commit_messages"", ""commit_authors"", ""commit_dates"", ""review_state"", ""reviewer"", ""review_date"", ""review_comments"", ""pr_number"", ""file_names""], ""basic_filters"": {""date_range"": {""start_date"": ""2026-01-01"", ""end_date"": ""2026-01-31""}, ""pr_status"": [""open"", ""closed"", ""merged""]}, ""cleaning_filters"": {""refined_date_range"": null, ""file_extensions"": [""go""], ""authors"": [], ""keywords"": {""fields"": [], ""terms"": []}}, ""features"": [""mean_time_between_commits"", ""reviewers_count""]}"
"Fetch MR discussions from testing branch with 'bug' in title, compute discussions count","{""intent"": ""collect"", ""platform"": ""gitlab"", ""branch"": ""testing"", ""metrics"": [""mr_title"", ""mr_description"", ""mr_iid"", ""mr_state"", ""creation_date"", ""discussion_id"", ""discussion_notes"", ""resolved_status"", ""note_content"", ""note_author""], ""basic_filters"": {""date_range"": null, ""pr_status"": [""open"", ""closed"", ""merged""]}, ""cleaning_filters"": {""refined_date_range"": null, ""file_extensions"": [], ""authors"": [], ""keywords"": {""fields"": [""title""], ""terms"": [""bug""]}}, ""features"": [""discussions_count""]}"
"Récupérer les PRs mergées du Q4 2025 de la branche release, calculer le churn et l'entropie pour les fichiers .scala","{""intent"": ""collect"", ""platform"": ""github"", ""branch"": ""release"", ""metrics"": [""pr_title"", ""pr_number"", ""pr_state"", ""creation_date"", ""merge_date"", ""file_names"", ""file_status"", ""lines_added"", ""lines_deleted"", ""file_changes""], ""basic_filters"": {""date_range"": {""start_date"": ""2025-10-01"", ""end_date"": ""2025-12-31""}, ""pr_status"": [""merged""]}, ""cleaning_filters"": {""refined_date_range"": null, ""file_extensions"": [""scala""], ""authors"": [], ""keywords"": {""fields"": [], ""terms"": []}}, ""features"": [""churn_additions"", ""churn_deletions"", ""historical_entropy""]}"
"Get all data from last 6 months, only .vue and .js files, calculate all collaboration and code metrics","{""intent"": ""collect"", ""platform"": ""github"", ""branch"": ""main"", ""metrics"": [""pr_title"", ""pr_number"", ""pr_state"", ""pr_author"", ""creation_date"", ""merge_date"", ""commit_sha"", ""commit_messages"", ""commit_authors"", ""commit_dates"", ""file_names"", ""file_status"", ""lines_added"", ""lines_deleted"", ""file_changes"", ""pr_comments"", ""comment_authors"", ""comment_content"", ""reviewer"", ""review_state"", ""review_date""], ""basic_filters"": {""date_range"": {""start_date"": ""2025-09-04"", ""end_date"": ""2026-03-04""}, ""pr_status"": [""open"", ""closed"", ""merged""]}, ""cleaning_filters"": {""refined_date_range"": null, ""file_extensions"": [""vue"", ""js""], ""authors"": [], ""keywords"": {""fields"": [], ""terms"": []}}, ""features"": [""lead_time"", ""commits_count"", ""churn_additions"", ""churn_deletions"", ""modified_files"", ""file_types"", ""discussions_count"", ""committers_list"", ""unique_committers"", ""reviewers_count"", ""comments_count"", ""people_count""]}"
"Collecter les MRs ouvertes et fermées de la branche develop du mois dernier, fichiers .php, calculer lead time et discussions","{""intent"": ""collect"", ""platform"": ""gitlab"", ""branch"": ""develop"", ""metrics"": [""mr_title"", ""mr_iid"", ""mr_state"", ""mr_author"", ""creation_date"", ""merge_date"", ""close_date"", ""discussion_id"", ""discussion_notes"", ""note_content"", ""note_author""], ""basic_filters"": {""date_range"": {""start_date"": ""2026-02-04"", ""end_date"": ""2026-03-04""}, ""pr_status"": [""open"", ""closed""]}, ""cleaning_filters"": {""refined_date_range"": null, ""file_extensions"": [""php""], ""authors"": [], ""keywords"": {""fields"": [], ""terms"": []}}, ""features"": [""lead_time"", ""discussions_count""]}"
"Fetch PRs with 'security' or 'vulnerability' in comments, merged only, for .py files, compute lead time and comments count","{""intent"": ""collect"", ""platform"": ""github"", ""branch"": ""main"", ""metrics"": [""pr_title"", ""pr_number"", ""pr_state"", ""pr_author"", ""creation_date"", ""merge_date"", ""pr_comments"", ""comment_content"", ""comment_authors"", ""file_names""], ""basic_filters"": {""date_range"": null, ""pr_status"": [""merged""]}, ""cleaning_filters"": {""refined_date_range"": null, ""file_extensions"": [""py""], ""authors"": [], ""keywords"": {""fields"": [""comments""], ""terms"": [""security"", ""vulnerability""]}}, ""features"": [""lead_time"", ""comments_count""]}"
Show commits over time,"{""intent"": ""analyze"", ""metrics"": [""commits_over_time""], ""dimensions"": [], ""filters"": {""date_range"": null, ""repositories"": [], ""authors"": []}, ""visualization"": ""line_chart""}"
Visualize lead time distribution,"{""intent"": ""analyze"", ""metrics"": [""lead_time_distribution""], ""dimensions"": [], ""filters"": {""date_range"": null, ""repositories"": [], ""authors"": []}, ""visualization"": ""histogram""}"
Display MR creation timeline,"{""intent"": ""analyze"", ""metrics"": [""mr_creation_timeline""], ""dimensions"": [], ""filters"": {""date_range"": null, ""repositories"": [], ""authors"": []}, ""visualization"": ""line_chart""}"
Show commits distribution,"{""intent"": ""analyze"", ""metrics"": [""commits_distribution""], ""dimensions"": [], ""filters"": {""date_range"": null, ""repositories"": [], ""authors"": []}, ""visualization"": ""bar_chart""}"
Analyze top committers,"{""intent"": ""analyze"", ""metrics"": [""commiters_analysis""], ""dimensions"": [], ""filters"": {""date_range"": null, ""repositories"": [], ""authors"": []}, ""visualization"": ""bar_chart""}"
Show code churn analysis,"{""intent"": ""analyze"", ""metrics"": [""code_churn_analysis""], ""dimensions"": [], ""filters"": {""date_range"": null, ""repositories"": [], ""authors"": []}, ""visualization"": ""line_chart""}"
Display churn scatter,"{""intent"": ""analyze"", ""metrics"": [""churn_scatter""], ""dimensions"": [], ""filters"": {""date_range"": null, ""repositories"": [], ""authors"": []}, ""visualization"": ""scatter_plot""}"
Visualize MR size,"{""intent"": ""analyze"", ""metrics"": [""mr_size_analysis""], ""dimensions"": [], ""filters"": {""date_range"": null, ""repositories"": [], ""authors"": []}, ""visualization"": ""histogram""}"
Show discussions analysis,"{""intent"": ""analyze"", ""metrics"": [""discussions_analysis""], ""dimensions"": [], ""filters"": {""date_range"": null, ""repositories"": [], ""authors"": []}, ""visualization"": ""bar_chart""}"
Display files modified,"{""intent"": ""analyze"", ""metrics"": [""files_modified""], ""dimensions"": [], ""filters"": {""date_range"": null, ""repositories"": [], ""authors"": []}, ""visualization"": ""bar_chart""}"
Afficher l'évolution des commits,"{""intent"": ""analyze"", ""metrics"": [""commits_over_time""], ""dimensions"": [], ""filters"": {""date_range"": null, ""repositories"": [], ""authors"": []}, ""visualization"": ""line_chart""}"
Voir la distribution du lead time,"{""intent"": ""analyze"", ""metrics"": [""lead_time_distribution""], ""dimensions"": [], ""filters"": {""date_range"": null, ""repositories"": [], ""authors"": []}, ""visualization"": ""histogram""}"
Montrer l'analyse du code churn,"{""intent"": ""analyze"", ""metrics"": [""code_churn_analysis""], ""dimensions"": [], ""filters"": {""date_range"": null, ""repositories"": [], ""authors"": []}, ""visualization"": ""line_chart""}"
Afficher la répartition des états,"{""intent"": ""analyze"", ""metrics"": [""state_distribution""], ""dimensions"": [], ""filters"": {""date_range"": null, ""repositories"": [], ""authors"": []}, ""visualization"": ""pie_chart""}"
Visualiser la taille des MR,"{""intent"": ""analyze"", ""metrics"": [""mr_size_analysis""], ""dimensions"": [], ""filters"": {""date_range"": null, ""repositories"": [], ""authors"": []}, ""visualization"": ""histogram""}"
Plot commits over time as a line chart,"{""intent"": ""analyze"", ""metrics"": [""commits_over_time""], ""dimensions"": [], ""filters"": {""date_range"": null, ""repositories"": [], ""authors"": []}, ""visualization"": ""line_chart""}"
Create a bar chart of committers,"{""intent"": ""analyze"", ""metrics"": [""commiters_analysis""], ""dimensions"": [], ""filters"": {""date_range"": null, ""repositories"": [], ""authors"": []}, ""visualization"": ""bar_chart""}"
Generate a scatter plot of churn,"{""intent"": ""analyze"", ""metrics"": [""churn_scatter""], ""dimensions"": [], ""filters"": {""date_range"": null, ""repositories"": [], ""authors"": []}, ""visualization"": ""scatter_plot""}"
Show state distribution as pie chart,"{""intent"": ""analyze"", ""metrics"": [""state_distribution""], ""dimensions"": [], ""filters"": {""date_range"": null, ""repositories"": [], ""authors"": []}, ""visualization"": ""pie_chart""}"
Voir l'analyse des discussions,"{""intent"": ""analyze"", ""metrics"": [""discussions_analysis""], ""dimensions"": [], ""filters"": {""date_range"": null, ""repositories"": [], ""authors"": []}, ""visualization"": ""bar_chart""}"
Show commits over time from January 2026,"{""intent"": ""analyze"", ""metrics"": [""commits_over_time""], ""dimensions"": [], ""filters"": {""date_range"": {""start_date"": ""2026-01-01"", ""end_date"": ""2026-01-31""}, ""repositories"": [], ""authors"": []}, ""visualization"": ""line_chart""}"
Visualize lead time distribution for Q4 2025,"{""intent"": ""analyze"", ""metrics"": [""lead_time_distribution""], ""dimensions"": [], ""filters"": {""date_range"": {""start_date"": ""2025-10-01"", ""end_date"": ""2025-12-31""}, ""repositories"": [], ""authors"": []}, ""visualization"": ""histogram""}"
Analyze top committers from last month,"{""intent"": ""analyze"", ""metrics"": [""commiters_analysis""], ""dimensions"": [], ""filters"": {""date_range"": {""start_date"": ""2026-02-04"", ""end_date"": ""2026-03-04""}, ""repositories"": [], ""authors"": []}, ""visualization"": ""bar_chart""}"
Show code churn for 2025,"{""intent"": ""analyze"", ""metrics"": [""code_churn_analysis""], ""dimensions"": [], ""filters"": {""date_range"": {""start_date"": ""2025-01-01"", ""end_date"": ""2025-12-31""}, ""repositories"": [], ""authors"": []}, ""visualization"": ""line_chart""}"
Display commits distribution by author john-doe,"{""intent"": ""analyze"", ""metrics"": [""commits_distribution""], ""dimensions"": [], ""filters"": {""date_range"": null, ""repositories"": [], ""authors"": [""john-doe""]}, ""visualization"": ""bar_chart""}"
Show MR creation timeline for the last 6 months,"{""intent"": ""analyze"", ""metrics"": [""mr_creation_timeline""], ""dimensions"": [], ""filters"": {""date_range"": {""start_date"": ""2025-09-04"", ""end_date"": ""2026-03-04""}, ""repositories"": [], ""authors"": []}, ""visualization"": ""line_chart""}"
Visualize files modified in Q1 2026,"{""intent"": ""analyze"", ""metrics"": [""files_modified""], ""dimensions"": [], ""filters"": {""date_range"": {""start_date"": ""2026-01-01"", ""end_date"": ""2026-03-31""}, ""repositories"": [], ""authors"": []}, ""visualization"": ""bar_chart""}"
Afficher les discussions du mois dernier,"{""intent"": ""analyze"", ""metrics"": [""discussions_analysis""], ""dimensions"": [], ""filters"": {""date_range"": {""start_date"": ""2026-02-04"", ""end_date"": ""2026-03-04""}, ""repositories"": [], ""authors"": []}, ""visualization"": ""bar_chart""}"
Show state distribution for February 2026,"{""intent"": ""analyze"", ""metrics"": [""state_distribution""], ""dimensions"": [], ""filters"": {""date_range"": {""start_date"": ""2026-02-01"", ""end_date"": ""2026-02-28""}, ""repositories"": [], ""authors"": []}, ""visualization"": ""pie_chart""}"
Display churn scatter for authors alice and bob from last year,"{""intent"": ""analyze"", ""metrics"": [""churn_scatter""], ""dimensions"": [], ""filters"": {""date_range"": {""start_date"": ""2025-01-01"", ""end_date"": ""2025-12-31""}, ""repositories"": [], ""authors"": [""alice"", ""bob""]}, ""visualization"": ""scatter_plot""}"
Analyze MR size for frontend-repo in 2025,"{""intent"": ""analyze"", ""metrics"": [""mr_size_analysis""], ""dimensions"": [], ""filters"": {""date_range"": {""start_date"": ""2025-01-01"", ""end_date"": ""2025-12-31""}, ""repositories"": [""frontend-repo""], ""authors"": []}, ""visualization"": ""histogram""}"
Show commits over time for backend-api and frontend-app repositories,"{""intent"": ""analyze"", ""metrics"": [""commits_over_time""], ""dimensions"": [], ""filters"": {""date_range"": null, ""repositories"": [""backend-api"", ""frontend-app""], ""authors"": []}, ""visualization"": ""line_chart""}"
Visualiser la distribution des commits par dev-team depuis janvier,"{""intent"": ""analyze"", ""metrics"": [""commits_distribution""], ""dimensions"": [], ""filters"": {""date_range"": {""start_date"": ""2026-01-01"", ""end_date"": ""2026-03-04""}, ""repositories"": [], ""authors"": [""dev-team""]}, ""visualization"": ""bar_chart""}"
Show lead time for my-project in last quarter,"{""intent"": ""analyze"", ""metrics"": [""lead_time_distribution""], ""dimensions"": [], ""filters"": {""date_range"": {""start_date"": ""2025-12-04"", ""end_date"": ""2026-03-04""}, ""repositories"": [""my-project""], ""authors"": []}, ""visualization"": ""histogram""}"
Display code churn by backend-dev in February 2026,"{""intent"": ""analyze"", ""metrics"": [""code_churn_analysis""], ""dimensions"": [], ""filters"": {""date_range"": {""start_date"": ""2026-02-01"", ""end_date"": ""2026-02-28""}, ""repositories"": [], ""authors"": [""backend-dev""]}, ""visualization"": ""line_chart""}"
Analyze committers for api-service from 2024 to 2025,"{""intent"": ""analyze"", ""metrics"": [""commiters_analysis""], ""dimensions"": [], ""filters"": {""date_range"": {""start_date"": ""2024-01-01"", ""end_date"": ""2025-12-31""}, ""repositories"": [""api-service""], ""authors"": []}, ""visualization"": ""bar_chart""}"
"Show MR timeline for authors alice, bob, and charlie","{""intent"": ""analyze"", ""metrics"": [""mr_creation_timeline""], ""dimensions"": [], ""filters"": {""date_range"": null, ""repositories"": [], ""authors"": [""alice"", ""bob"", ""charlie""]}, ""visualization"": ""line_chart""}"
Afficher l'analyse des discussions pour mobile-app en 2025,"{""intent"": ""analyze"", ""metrics"": [""discussions_analysis""], ""dimensions"": [], ""filters"": {""date_range"": {""start_date"": ""2025-01-01"", ""end_date"": ""2025-12-31""}, ""repositories"": [""mobile-app""], ""authors"": []}, ""visualization"": ""bar_chart""}"
Show files modified for data-pipeline this year,"{""intent"": ""analyze"", ""metrics"": [""files_modified""], ""dimensions"": [], ""filters"": {""date_range"": {""start_date"": ""2026-01-01"", ""end_date"": ""2026-03-04""}, ""repositories"": [""data-pipeline""], ""authors"": []}, ""visualization"": ""bar_chart""}"
Visualize state distribution for microservices from August to December 2025,"{""intent"": ""analyze"", ""metrics"": [""state_distribution""], ""dimensions"": [], ""filters"": {""date_range"": {""start_date"": ""2025-08-01"", ""end_date"": ""2025-12-31""}, ""repositories"": [""microservices""], ""authors"": []}, ""visualization"": ""pie_chart""}"
Show commits distribution and top committers from January,"{""intent"": ""analyze"", ""metrics"": [""commits_distribution"", ""commiters_analysis""], ""dimensions"": [], ""filters"": {""date_range"": {""start_date"": ""2026-01-01"", ""end_date"": ""2026-01-31""}, ""repositories"": [], ""authors"": []}, ""visualization"": ""bar_chart""}"
Visualize commits over time and MR creation timeline from last month,"{""intent"": ""analyze"", ""metrics"": [""commits_over_time"", ""mr_creation_timeline""], ""dimensions"": [], ""filters"": {""date_range"": {""start_date"": ""2026-02-04"", ""end_date"": ""2026-03-04""}, ""repositories"": [], ""authors"": []}, ""visualization"": ""line_chart""}"
Show code churn and churn scatter for Q4 2025,"{""intent"": ""analyze"", ""metrics"": [""code_churn_analysis"", ""churn_scatter""], ""dimensions"": [], ""filters"": {""date_range"": {""start_date"": ""2025-10-01"", ""end_date"": ""2025-12-31""}, ""repositories"": [], ""authors"": []}, ""visualization"": ""scatter_plot""}"
Display lead time distribution and MR size analysis,"{""intent"": ""analyze"", ""metrics"": [""lead_time_distribution"", ""mr_size_analysis""], ""dimensions"": [], ""filters"": {""date_range"": null, ""repositories"": [], ""authors"": []}, ""visualization"": ""histogram""}"
Compare committers and discussions for 2025,"{""intent"": ""analyze"", ""metrics"": [""commiters_analysis"", ""discussions_analysis""], ""dimensions"": [], ""filters"": {""date_range"": {""start_date"": ""2025-01-01"", ""end_date"": ""2025-12-31""}, ""repositories"": [], ""authors"": []}, ""visualization"": ""bar_chart""}"
"Show commits over time, files modified, and state distribution","{""intent"": ""analyze"", ""metrics"": [""commits_over_time"", ""files_modified"", ""state_distribution""], ""dimensions"": [], ""filters"": {""date_range"": null, ""repositories"": [], ""authors"": []}, ""visualization"": ""bar_chart""}"
Montrer le churn scatter et la distribution des commits pour backend en janvier,"{""intent"": ""analyze"", ""metrics"": [""churn_scatter"", ""commits_distribution""], ""dimensions"": [], ""filters"": {""date_range"": {""start_date"": ""2026-01-01"", ""end_date"": ""2026-01-31""}, ""repositories"": [""backend""], ""authors"": []}, ""visualization"": ""scatter_plot""}"
Analyze MR timeline and discussions for senior-dev and junior-dev,"{""intent"": ""analyze"", ""metrics"": [""mr_creation_timeline"", ""discussions_analysis""], ""dimensions"": [], ""filters"": {""date_range"": null, ""repositories"": [], ""authors"": [""senior-dev"", ""junior-dev""]}, ""visualization"": ""line_chart""}"
"Visualize code churn, committers, and files modified for my-app in 2025","{""intent"": ""analyze"", ""metrics"": [""code_churn_analysis"", ""commiters_analysis"", ""files_modified""], ""dimensions"": [], ""filters"": {""date_range"": {""start_date"": ""2025-01-01"", ""end_date"": ""2025-12-31""}, ""repositories"": [""my-app""], ""authors"": []}, ""visualization"": ""bar_chart""}"
Show lead time and code churn from the last 3 months by lead-dev,"{""intent"": ""analyze"", ""metrics"": [""lead_time_distribution"", ""code_churn_analysis""], ""dimensions"": [], ""filters"": {""date_range"": {""start_date"": ""2025-12-04"", ""end_date"": ""2026-03-04""}, ""repositories"": [], ""authors"": [""lead-dev""]}, ""visualization"": ""histogram""}"
"Display commits distribution, MR size, and state distribution for multi-repo and api-repo","{""intent"": ""analyze"", ""metrics"": [""commits_distribution"", ""mr_size_analysis"", ""state_distribution""], ""dimensions"": [], ""filters"": {""date_range"": null, ""repositories"": [""multi-repo"", ""api-repo""], ""authors"": []}, ""visualization"": ""bar_chart""}"
Visualiser l'évolution des commits et les fichiers modifiés ce mois-ci,"{""intent"": ""analyze"", ""metrics"": [""commits_over_time"", ""files_modified""], ""dimensions"": [], ""filters"": {""date_range"": {""start_date"": ""2026-03-01"", ""end_date"": ""2026-03-04""}, ""repositories"": [], ""authors"": []}, ""visualization"": ""line_chart""}"
"Show committers, discussions, and MR timeline from November 2025 to February 2026","{""intent"": ""analyze"", ""metrics"": [""commiters_analysis"", ""discussions_analysis"", ""mr_creation_timeline""], ""dimensions"": [], ""filters"": {""date_range"": {""start_date"": ""2025-11-01"", ""end_date"": ""2026-02-28""}, ""repositories"": [], ""authors"": []}, ""visualization"": ""bar_chart""}"
Analyze churn scatter and lead time for core-lib by maintainer-1,"{""intent"": ""analyze"", ""metrics"": [""churn_scatter"", ""lead_time_distribution""], ""dimensions"": [], ""filters"": {""date_range"": null, ""repositories"": [""core-lib""], ""authors"": [""maintainer-1""]}, ""visualization"": ""scatter_plot""}"
Afficher la timeline MR et l'analyse du churn pour web-app des 3 derniers mois par fullstack-dev,"{""intent"": ""analyze"", ""metrics"": [""mr_creation_timeline"", ""code_churn_analysis""], ""dimensions"": [], ""filters"": {""date_range"": {""start_date"": ""2025-12-04"", ""end_date"": ""2026-03-04""}, ""repositories"": [""web-app""], ""authors"": [""fullstack-dev""]}, ""visualization"": ""line_chart""}"
"Compare all metrics: commits, lead time, committers, churn, MR size, discussions, files, state for 2025","{""intent"": ""analyze"", ""metrics"": [""commits_over_time"", ""lead_time_distribution"", ""commiters_analysis"", ""code_churn_analysis"", ""mr_size_analysis"", ""discussions_analysis"", ""files_modified"", ""state_distribution""], ""dimensions"": [], ""filters"": {""date_range"": {""start_date"": ""2025-01-01"", ""end_date"": ""2025-12-31""}, ""repositories"": [], ""authors"": []}, ""visualization"": ""bar_chart""}"
Show commits and code churn by alice from January to February 2026 for frontend-app,"{""intent"": ""analyze"", ""metrics"": [""commits_over_time"", ""code_churn_analysis""], ""dimensions"": [], ""filters"": {""date_range"": {""start_date"": ""2026-01-01"", ""end_date"": ""2026-02-28""}, ""repositories"": [""frontend-app""], ""authors"": [""alice""]}, ""visualization"": ""line_chart""}"
Visualiser les discussions et les fichiers modifiés pour le repo api-gateway en Q1 2026,"{""intent"": ""analyze"", ""metrics"": [""discussions_analysis"", ""files_modified""], ""dimensions"": [], ""filters"": {""date_range"": {""start_date"": ""2026-01-01"", ""end_date"": ""2026-03-31""}, ""repositories"": [""api-gateway""], ""authors"": []}, ""visualization"": ""bar_chart""}"
Display MR size and state distribution from 2024 for backend-services by devops-team,"{""intent"": ""analyze"", ""metrics"": [""mr_size_analysis"", ""state_distribution""], ""dimensions"": [], ""filters"": {""date_range"": {""start_date"": ""2024-01-01"", ""end_date"": ""2024-12-31""}, ""repositories"": [""backend-services""], ""authors"": [""devops-team""]}, ""visualization"": ""histogram""}"
Montrer l'analyse des committers et le churn scatter pour les auteurs alice et bob sur le repo platform en 2025,"{""intent"": ""analyze"", ""metrics"": [""commiters_analysis"", ""churn_scatter""], ""dimensions"": [], ""filters"": {""date_range"": {""start_date"": ""2025-01-01"", ""end_date"": ""2025-12-31""}, ""repositories"": [""platform""], ""authors"": [""alice"", ""bob""]}, ""visualization"": ""bar_chart""}"
Show commits over time and MR size for infra-repo authored by sre-lead from Q1 2026,"{""intent"": ""analyze"", ""metrics"": [""commits_over_time"", ""mr_size_analysis""], ""dimensions"": [], ""filters"": {""date_range"": {""start_date"": ""2026-01-01"", ""end_date"": ""2026-03-31""}, ""repositories"": [""infra-repo""], ""authors"": [""sre-lead""]}, ""visualization"": ""line_chart""}"
